fetched_at,genre,app_id,title,score,ratings,reviews,installs,real_installs,min_installs,price,free,updated,version
2026-08-29T13:01:08.217619+00:00,Action,com.pubg.imobile,BGMI: FPS Battle Royale,4.344086,7556464,952,"100,000,000+",269643803,100000000,0,True,1783675936,4.5.0
2026-08-29T13:01:08.217619+00:00,Action,com.miHoYo.GenshinImpact,Genshin Impact,3.2497578,5220540,133380,"100,000,000+",143871598,100000000,0,True,,Varies with device
2026-08-29T13:01:08.217619+00:00,Action,com.dts.freefireth,Free Fire: 9th Anniversary,4.341401,129556718,654744,"1,000,000,000+",2143201769,1000000000,0,True,1785824269,1.130.1
2026-08-29T13:01:08.217619+00:00,Action,com.activision.callofduty.shooter,Call of Duty®: Mobile,4.259484,16547733,810520,"100,000,000+",423345100,100000000,0,True,1782234521,1.0.56
2026-08-29T13:01:08.217619+00:00,Action,com.epicgames.fortnite,Fortnite,4.6653557,488943,34381,"10,000,000+",34931020,10000000,0,True,1787604991,42.00.0-57316517-Android
2026-08-29T13:01:08.217619+00:00,Arcade,com.king.candycrushsaga,Candy Crush Saga,4.6279244,38921778,2089274,"1,000,000,000+",2318100727,1000000000,0,True,1787655634,1.335.1.2
2026-08-29T13:01:08.217619+00:00,Arcade,air.com.hypah.io.slither,slither.io,3.9030263,6551078,302485,"500,000,000+",602663197,500000000,0,True,1762688138,Varies with device
2026-08-29T13:01:08.217619+00:00,Arcade,com.halfbrick.fruitninjafree,Fruit Ninja®,4.4822516,5335156,212745,"500,000,000+",640158317,500000000,0,True,1787297220,3.97.6
2026-08-29T13:01:08.217619+00:00,Arcade,com.ketchapp.stack,Stack,4.1008344,445611,20917,"50,000,000+",70208141,50000000,0,True,1787818849,4.0.7
2026-08-29T13:01:08.217619+00:00,Racing,com.gameloft.android.ANMP.GloftA9HM,Asphalt Legends - Racing Game,4.348864,2860401,71868,"100,000,000+",165597274,100000000,0,True,1784894759,52.1.2a
2026-08-29T13:01:08.217619+00:00,Racing,com.miniclip.eightballpool,8 Ball Pool,4.792339,31681760,983749,"1,000,000,000+",1331320186,1000000000,0,True,1787931184,56.29.1
2026-08-29T13:01:08.217619+00:00,Racing,com.hutchgames.hillclimb,MMX Hill Dash,4.359899,291220,17371,"10,000,000+",17487894,10000000,0,True,1759432506,2.01.14226
2026-08-29T13:01:08.217619+00:00,Adventure,com.mojang.minecraftpe,"Minecraft: Dream it, Build it!",4.309717,5808067,634585,"50,000,000+",96432536,50000000,6.99,False,1787164898,1.26.45.1
2026-08-29T13:01:08.217619+00:00,Adventure,com.roblox.client,Roblox,4.203332,51608503,3663443,"1,000,000,000+",1681239746,1000000000,0,True,1787859391,Varies with device
2026-08-29T13:01:08.217619+00:00,Adventure,com.innersloth.spacemafia,Among Us,3.921457,13649811,529380,"500,000,000+",792783623,500000000,0,True,1786398116,2026.8.18
2026-08-29T13:01:08.217619+00:00,Puzzle,com.king.candycrushsodasaga,Candy Crush Soda Saga,4.574926,8855090,390337,"500,000,000+",623589540,500000000,0,True,1786979615,1.325.2
2026-08-29T13:01:08.217619+00:00,Puzzle,com.easybrain.sudoku.android,Sudoku.com - Sudoku Puzzle,4.736213,2474888,86257,"100,000,000+",107040014,100000000,0,True,1783000084,7.8.0
2026-08-29T13:01:08.217619+00:00,Puzzle,com.gramgames.mergedragons,Merge Dragons!,4.457932,1413652,146173,"50,000,000+",63726801,50000000,0,True,1787760550,13.13.0
2026-08-29T13:01:08.217619+00:00,Casual,com.supercell.hayday,Hay Day,4.366082,13105537,415329,"100,000,000+",370613006,100000000,0,True,1786968591,1.72.86
2026-08-29T13:01:08.217619+00:00,Casual,com.playrix.homescapes,Homescapes,4.728427,13362857,370740,"500,000,000+",520925178,500000000,0,True,1787327194,9.1.100
2026-08-29T13:01:08.217619+00:00,Strategy,com.supercell.clashofclans,Clash of Clans,4.5213966,61356831,1969774,"500,000,000+",879639114,500000000,0,True,1786012332,18.400.22
2026-08-29T13:01:08.217619+00:00,Strategy,com.supercell.clashroyale,Clash Royale,4.446957,41676055,971197,"500,000,000+",631823555,500000000,0,True,1785832820,150535029
2026-08-29T13:01:08.217619+00:00,Card,com.mobilityware.solitaire,Solitaire - Classic Card Games,4.557324,1799220,204160,"100,000,000+",151788009,100000000,0,True,1787674641,9.7.0.6614
2026-08-29T13:01:08.217619+00:00,Role Playing,com.garena.game.codm,Call of Duty®: Mobile - Garena,4.0704226,3927109,877,"50,000,000+",97320862,50000000,0,True,1782289562,1.6.56
2026-08-29T13:01:08.217619+00:00,Simulation,com.ea.games.simsfreeplay_row,The Sims™ FreePlay,4.6134453,5772620,65213,"100,000,000+",239018393,100000000,0,True,1787029274,117.0.278544
2026-08-29T13:01:08.217619+00:00,Sports,com.ea.gp.fifamobile,EA SPORTS FC Soccer Mobile 26,4.555744,22789316,242201,"500,000,000+",792151484,500000000,0,True,1784864666,27.0.04
2026-08-29T13:01:08.217619+00:00,Board,com.king.farmheroessaga,Farm Heroes Saga,4.6388288,9826071,431503,"100,000,000+",432549609,100000000,0,True,1786963562,6.96.13
2026-08-29T13:01:08.217619+00:00,Trivia,com.scopely.wheeloffortune,Wheel of Fortune Official Game,4.5987134,425701,120317,"10,000,000+",29028136,10000000,0,True,1787684010,4.10.1
2026-08-29T13:01:08.217619+00:00,Word,com.zynga.words,Classic Words With Friends,4.206786,1681363,555232,"50,000,000+",55543479,50000000,0,True,1787600915,57.01.01
2026-08-29T13:52:27.818955+00:00,Action,com.pubg.imobile,BGMI: FPS Battle Royale,4.344086,7556566,952,"100,000,000+",269643803,100000000,0,True,1783675936,4.5.0
2026-08-29T13:52:27.818955+00:00,Action,com.miHoYo.GenshinImpact,Genshin Impact,3.2494066,5220606,133381,"100,000,000+",143871598,100000000,0,True,,Varies with device
2026-08-29T13:52:27.818955+00:00,Action,com.dts.freefireth,Free Fire: 9th Anniversary,4.341439,129557612,654744,"1,000,000,000+",2143201769,1000000000,0,True,1785824269,1.130.1
2026-08-29T13:52:27.818955+00:00,Action,com.activision.callofduty.shooter,Call of Duty®: Mobile,4.259484,16547762,810521,"100,000,000+",423345100,100000000,0,True,1782234521,1.0.56
2026-08-29T13:52:27.818955+00:00,Action,com.epicgames.fortnite,Fortnite,4.665588,488987,34382,"10,000,000+",35136185,10000000,0,True,1787604991,42.00.0-57316517-Android
2026-08-29T13:52:27.818955+00:00,Arcade,com.king.candycrushsaga,Candy Crush Saga,4.6279173,38921854,2089276,"1,000,000,000+",2318100727,1000000000,0,True,1787655634,1.335.1.2
2026-08-29T13:52:27.818955+00:00,Arcade,air.com.hypah.io.slither,slither.io,3.9030263,6551080,302485,"500,000,000+",602663197,500000000,0,True,1762688138,Varies with device
2026-08-29T13:52:27.818955+00:00,Arcade,com.halfbrick.fruitninjafree,Fruit Ninja®,4.481982,5335197,212749,"500,000,000+",640158317,500000000,0,True,1787297220,3.97.6
2026-08-29T13:52:27.818955+00:00,Arcade,com.ketchapp.stack,Stack,4.1008344,445613,20917,"50,000,000+",70208141,50000000,0,True,1787818849,4.0.7
2026-08-29T13:52:27.818955+00:00,Racing,com.gameloft.android.ANMP.GloftA9HM,Asphalt Legends - Racing Game,4.348864,2860409,71868,"100,000,000+",165597274,100000000,0,True,1784894759,52.1.2a
2026-08-29T13:52:27.818955+00:00,Racing,com.miniclip.eightballpool,8 Ball Pool,4.792362,31682017,983750,"1,000,000,000+",1331320186,1000000000,0,True,1787931184,56.29.1
2026-08-29T13:52:27.818955+00:00,Racing,com.hutchgames.hillclimb,MMX Hill Dash,4.359899,291220,17371,"10,000,000+",17487894,10000000,0,True,1759432506,2.01.14226
2026-08-29T13:52:27.818955+00:00,Adventure,com.mojang.minecraftpe,"Minecraft: Dream it, Build it!",4.309717,5808120,634585,"50,000,000+",96432536,50000000,6.99,False,1787164898,1.26.45.1
2026-08-29T13:52:27.818955+00:00,Adventure,com.roblox.client,Roblox,4.2033587,51610406,3663445,"1,000,000,000+",1681239746,1000000000,0,True,1787859391,Varies with device
2026-08-29T13:52:27.818955+00:00,Adventure,com.innersloth.spacemafia,Among Us,3.921451,13649807,529380,"500,000,000+",792783623,500000000,0,True,1786398116,2026.8.18
2026-08-29T13:52:27.818955+00:00,Puzzle,com.king.candycrushsodasaga,Candy Crush Soda Saga,4.574945,8855100,390337,"500,000,000+",623589540,500000000,0,True,1786979615,1.325.2
2026-08-29T13:52:27.818955+00:00,Puzzle,com.easybrain.sudoku.android,Sudoku.com - Sudoku Puzzle,4.7361417,2474948,86257,"100,000,000+",107040014,100000000,0,True,1783000084,7.8.0
2026-08-29T13:52:27.818955+00:00,Puzzle,com.gramgames.mergedragons,Merge Dragons!,4.457932,1413654,146174,"50,000,000+",63726801,50000000,0,True,1787760550,13.13.0
2026-08-29T13:52:27.818955+00:00,Casual,com.supercell.hayday,Hay Day,4.366082,13105562,415329,"100,000,000+",370613006,100000000,0,True,1786968591,1.72.86
2026-08-29T13:52:27.818955+00:00,Casual,com.playrix.homescapes,Homescapes,4.728427,13362905,370740,"500,000,000+",520925178,500000000,0,True,1787327194,9.1.100
2026-08-29T13:52:27.818955+00:00,Strategy,com.supercell.clashofclans,Clash of Clans,4.5213995,61356930,1969775,"500,000,000+",879639114,500000000,0,True,1786012332,18.400.22
2026-08-29T13:52:27.818955+00:00,Strategy,com.supercell.clashroyale,Clash Royale,4.446948,41676208,971198,"500,000,000+",631823555,500000000,0,True,1785832820,150535029
2026-08-29T13:52:27.818955+00:00,Card,com.mobilityware.solitaire,Solitaire - Classic Card Games,4.5572577,1799223,204160,"100,000,000+",151788009,100000000,0,True,1787674641,9.7.0.6614
2026-08-29T13:52:27.818955+00:00,Role Playing,com.garena.game.codm,Call of Duty®: Mobile - Garena,4.0704226,3927110,877,"50,000,000+",97320862,50000000,0,True,1782289562,1.6.56
2026-08-29T13:52:27.818955+00:00,Simulation,com.ea.games.simsfreeplay_row,The Sims™ FreePlay,4.6134453,5772628,65213,"100,000,000+",239018393,100000000,0,True,1787029274,117.0.278544
2026-08-29T13:52:27.818955+00:00,Sports,com.ea.gp.fifamobile,EA SPORTS FC Soccer Mobile 26,4.5557513,22789936,242205,"500,000,000+",792151484,500000000,0,True,1784864666,27.0.04
2026-08-29T13:52:27.818955+00:00,Board,com.king.farmheroessaga,Farm Heroes Saga,4.638841,9826074,431503,"100,000,000+",432549609,100000000,0,True,1786963562,6.96.13
2026-08-29T13:52:27.818955+00:00,Trivia,com.scopely.wheeloffortune,Wheel of Fortune Official Game,4.5987372,425703,120317,"10,000,000+",29028136,10000000,0,True,1787684010,4.10.1
2026-08-29T13:52:27.818955+00:00,Word,com.zynga.words,Classic Words With Friends,4.206786,1681363,555232,"50,000,000+",55543479,50000000,0,True,1787600915,57.01.01
2026-08-30T11:45:03.344313+00:00,Action,com.pubg.imobile,BGMI: FPS Battle Royale,4.344086,7558231,952,"100,000,000+",269827899,100000000,0,True,1783675936,4.5.0
2026-08-30T11:45:03.344313+00:00,Action,com.miHoYo.GenshinImpact,Genshin Impact,3.2485259,5221963,133394,"100,000,000+",143935764,100000000,0,True,,Varies with device
2026-08-30T11:45:03.344313+00:00,Action,com.dts.freefireth,Free Fire: 9th Anniversary,4.3414845,129565824,654749,"1,000,000,000+",2144257737,1000000000,0,True,1785824269,1.130.1
2026-08-30T11:45:03.344313+00:00,Action,com.activision.callofduty.shooter,Call of Duty®: Mobile,4.2595296,16548118,810522,"100,000,000+",423349073,100000000,0,True,1782234521,1.0.56
2026-08-30T11:45:03.344313+00:00,Action,com.epicgames.fortnite,Fortnite,4.664241,489858,34419,"10,000,000+",35136185,10000000,0,True,1787604991,42.00.0-57316517-Android
2026-08-30T11:45:03.344313+00:00,Arcade,com.king.candycrushsaga,Candy Crush Saga,4.627914,38922852,2089297,"1,000,000,000+",2319465776,1000000000,0,True,1787655634,1.335.1.2
2026-08-30T11:45:03.344313+00:00,Arcade,air.com.hypah.io.slither,slither.io,3.903455,6551051,302481,"500,000,000+",602739741,500000000,0,True,1762688138,Varies with device
2026-08-30T11:45:03.344313+00:00,Arcade,com.halfbrick.fruitninjafree,Fruit Ninja®,4.479245,5335589,212788,"500,000,000+",640329378,500000000,0,True,1787297220,3.97.6
2026-08-30T11:45:03.344313+00:00,Arcade,com.ketchapp.stack,Stack,4.099162,445643,20916,"50,000,000+",70212737,50000000,0,True,1787818849,4.0.7
2026-08-30T11:45:03.344313+00:00,Racing,com.gameloft.android.ANMP.GloftA9HM,Asphalt Legends - Racing Game,4.3488264,2860445,71875,"100,000,000+",165656824,100000000,0,True,1784894759,52.1.2a
2026-08-30T11:45:03.344313+00:00,Racing,com.miniclip.eightballpool,8 Ball Pool,4.7925615,31686413,983783,"1,000,000,000+",1331566843,1000000000,0,True,1787931184,56.29.1
2026-08-30T11:45:03.344313+00:00,Racing,com.hutchgames.hillclimb,MMX Hill Dash,4.3566465,291220,17371,"10,000,000+",17488058,10000000,0,True,1759432506,2.01.14226
2026-08-30T11:45:03.344313+00:00,Adventure,com.mojang.minecraftpe,"Minecraft: Dream it, Build it!",4.30997,5809431,634586,"50,000,000+",96440397,50000000,6.99,False,1787164898,1.26.45.1
2026-08-30T11:45:03.344313+00:00,Adventure,com.roblox.client,Roblox,4.203853,51638287,3663533,"1,000,000,000+",1681239746,1000000000,0,True,1787859391,Varies with device
2026-08-30T11:45:03.344313+00:00,Adventure,com.innersloth.spacemafia,Among Us,3.9213934,13650230,529386,"500,000,000+",792783623,500000000,0,True,1786398116,2026.8.18
2026-08-30T11:45:03.344313+00:00,Puzzle,com.king.candycrushsodasaga,Candy Crush Soda Saga,4.5747943,8855153,390344,"500,000,000+",623833066,500000000,0,True,1786979615,1.325.2
2026-08-30T11:45:03.344313+00:00,Puzzle,com.easybrain.sudoku.android,Sudoku.com - Sudoku Puzzle,4.7362385,2475823,86268,"100,000,000+",107128488,100000000,0,True,1783000084,7.8.0
2026-08-30T11:45:03.344313+00:00,Puzzle,com.gramgames.mergedragons,Merge Dragons!,4.457966,1413677,146177,"50,000,000+",63734616,50000000,0,True,1787760550,13.13.0
2026-08-30T11:45:03.344313+00:00,Casual,com.supercell.hayday,Hay Day,4.3672457,13105735,415331,"100,000,000+",370700671,100000000,0,True,1786968591,1.72.86
2026-08-30T11:45:03.344313+00:00,Casual,com.playrix.homescapes,Homescapes,4.7284107,13363442,370740,"500,000,000+",520926491,500000000,0,True,1787327194,9.1.100
2026-08-30T11:45:03.344313+00:00,Strategy,com.supercell.clashofclans,Clash of Clans,4.5216103,61357485,1969761,"500,000,000+",879829728,500000000,0,True,1786012332,18.400.22
2026-08-30T11:45:03.344313+00:00,Strategy,com.supercell.clashroyale,Clash Royale,4.4458394,41678616,971210,"500,000,000+",631829387,500000000,0,True,1785832820,150535029
2026-08-30T11:45:03.344313+00:00,Card,com.mobilityware.solitaire,Solitaire - Classic Card Games,4.5570674,1799256,204162,"100,000,000+",151796606,100000000,0,True,1787674641,9.7.0.6614
2026-08-30T11:45:03.344313+00:00,Role Playing,com.garena.game.codm,Call of Duty®: Mobile - Garena,4.0704226,3927145,877,"50,000,000+",97359724,50000000,0,True,1782289562,1.6.56
2026-08-30T11:45:03.344313+00:00,Simulation,com.ea.games.simsfreeplay_row,The Sims™ FreePlay,4.6134453,5772682,65213,"100,000,000+",239051682,100000000,0,True,1787029274,117.0.278544
2026-08-30T11:45:03.344313+00:00,Sports,com.ea.gp.fifamobile,EA SPORTS FC Soccer Mobile 26,4.5554137,22799376,242247,"500,000,000+",792668970,500000000,0,True,1784864666,27.0.04
2026-08-30T11:45:03.344313+00:00,Board,com.king.farmheroessaga,Farm Heroes Saga,4.6388965,9826071,431506,"100,000,000+",432627966,100000000,0,True,1786963562,6.96.13
2026-08-30T11:45:03.344313+00:00,Trivia,com.scopely.wheeloffortune,Wheel of Fortune Official Game,4.598998,425705,120319,"10,000,000+",29030189,10000000,0,True,1787684010,4.10.1
2026-08-30T11:45:03.344313+00:00,Word,com.zynga.words,Classic Words With Friends,4.2103252,1681351,555232,"50,000,000+",55543479,50000000,0,True,1787600915,57.01.01
2026-08-31T13:25:29.044130+00:00,Action,com.pubg.imobile,BGMI: FPS Battle Royale,4.3458443,7561068,952,"100,000,000+",270025983,100000000,0,True,1783675936,4.5.0
2026-08-31T13:25:29.044130+00:00,Action,com.miHoYo.GenshinImpact,Genshin Impact,3.2470322,5223409,133408,"100,000,000+",143995313,100000000,0,True,,Varies with device
2026-08-31T13:25:29.044130+00:00,Action,com.dts.freefireth,Free Fire: 9th Anniversary,4.342093,129583369,654781,"1,000,000,000+",2144257737,1000000000,0,True,1785824269,1.130.1
2026-08-31T13:25:29.044130+00:00,Action,com.activision.callofduty.shooter,Call of Duty®: Mobile,4.2594566,16548763,810527,"100,000,000+",423576167,100000000,0,True,1782234521,1.0.56
2026-08-31T13:25:29.044130+00:00,Action,com.epicgames.fortnite,Fortnite,4.662075,491052,34450,"10,000,000+",35136185,10000000,0,True,1787604991,42.00.0-57316517-Android
2026-08-31T13:25:29.044130+00:00,Arcade,com.king.candycrushsaga,Candy Crush Saga,4.627909,38924558,2089365,"1,000,000,000+",2319465776,1000000000,0,True,1787655634,1.335.1.2
2026-08-31T13:25:29.044130+00:00,Arcade,air.com.hypah.io.slither,slither.io,3.9032362,6551102,302481,"500,000,000+",602739741,500000000,0,True,1762688138,Varies with device
2026-08-31T13:25:29.044130+00:00,Arcade,com.halfbrick.fruitninjafree,Fruit Ninja®,4.478854,5336105,212835,"500,000,000+",640329378,500000000,0,True,1787297220,3.97.6
2026-08-31T13:25:29.044130+00:00,Arcade,com.ketchapp.stack,Stack,4.1027255,445668,20916,"50,000,000+",70212737,50000000,0,True,1787818849,4.0.7
2026-08-31T13:25:29.044130+00:00,Racing,com.gameloft.android.ANMP.GloftA9HM,Asphalt Legends - Racing Game,4.3489285,2860578,71879,"100,000,000+",165706670,100000000,0,True,1784894759,52.1.2a
2026-08-31T13:25:29.044130+00:00,Racing,com.miniclip.eightballpool,8 Ball Pool,4.7923565,31692844,983816,"1,000,000,000+",1331815486,1000000000,0,True,1787931184,56.29.1
2026-08-31T13:25:29.044130+00:00,Racing,com.hutchgames.hillclimb,MMX Hill Dash,4.355535,291220,17371,"10,000,000+",17488058,10000000,0,True,1759432506,2.01.14226
2026-08-31T13:25:29.044130+00:00,Adventure,com.mojang.minecraftpe,"Minecraft: Dream it, Build it!",4.3100276,5811737,634599,"50,000,000+",96541450,50000000,6.99,False,1787164898,1.26.45.1
2026-08-31T13:25:29.044130+00:00,Adventure,com.roblox.client,Roblox,4.2042837,51680283,3663790,"1,000,000,000+",1681239746,1000000000,0,True,1787859391,Varies with device
2026-08-31T13:25:29.044130+00:00,Adventure,com.innersloth.spacemafia,Among Us,3.9215064,13651070,529409,"500,000,000+",792783623,500000000,0,True,1786398116,2026.8.18
2026-08-31T13:25:29.044130+00:00,Puzzle,com.king.candycrushsodasaga,Candy Crush Soda Saga,4.574932,8855364,390358,"500,000,000+",623833066,500000000,0,True,1786979615,1.325.2
2026-08-31T13:25:29.044130+00:00,Puzzle,com.easybrain.sudoku.android,Sudoku.com - Sudoku Puzzle,4.736555,2476963,86281,"100,000,000+",107128488,100000000,0,True,1783000084,7.8.0
2026-08-31T13:25:29.044130+00:00,Puzzle,com.gramgames.mergedragons,Merge Dragons!,4.458093,1413726,146181,"50,000,000+",63734616,50000000,0,True,1787760550,13.13.0
2026-08-31T13:25:29.044130+00:00,Casual,com.supercell.hayday,Hay Day,4.3679156,13106248,415336,"100,000,000+",370790541,100000000,0,True,1786968591,1.72.86
2026-08-31T13:25:29.044130+00:00,Casual,com.playrix.homescapes,Homescapes,4.7284236,13364168,370753,"500,000,000+",520978925,500000000,0,True,1787327194,9.1.100
2026-08-31T13:25:29.044130+00:00,Strategy,com.supercell.clashofclans,Clash of Clans,4.5220356,61358250,1969783,"500,000,000+",880012404,500000000,0,True,1787840822,18.600.1
2026-08-31T13:25:29.044130+00:00,Strategy,com.supercell.clashroyale,Clash Royale,4.445921,41682551,971234,"500,000,000+",631829387,500000000,0,True,1785832820,150535029
2026-08-31T13:25:29.044130+00:00,Card,com.mobilityware.solitaire,Solitaire - Classic Card Games,4.556829,1799305,204169,"100,000,000+",151796606,100000000,0,True,1787674641,9.7.0.6614
2026-08-31T13:25:29.044130+00:00,Role Playing,com.garena.game.codm,Call of Duty®: Mobile - Garena,4.0704226,3927361,877,"50,000,000+",97398306,50000000,0,True,1782289562,1.6.56
2026-08-31T13:25:29.044130+00:00,Simulation,com.ea.games.simsfreeplay_row,The Sims™ FreePlay,4.6134453,5772808,65213,"100,000,000+",239086558,100000000,0,True,1787841647,117.1.280231
2026-08-31T13:25:29.044130+00:00,Sports,com.ea.gp.fifamobile,EA SPORTS FC Soccer Mobile 26,4.572509,22812389,242305,"500,000,000+",792668970,500000000,0,True,1784864666,27.0.04
2026-08-31T13:25:29.044130+00:00,Board,com.king.farmheroessaga,Farm Heroes Saga,4.6391363,9826168,431507,"100,000,000+",432697079,100000000,0,True,1787895000,6.96.13
2026-08-31T13:25:29.044130+00:00,Trivia,com.scopely.wheeloffortune,Wheel of Fortune Official Game,4.5993495,425704,120319,"10,000,000+",29030189,10000000,0,True,1787684010,4.10.1
2026-08-31T13:25:29.044130+00:00,Word,com.zynga.words,Classic Words With Friends,4.214351,1681360,555234,"50,000,000+",55543479,50000000,0,True,1787600915,57.01.01
2026-09-01T11:30:57.758487+00:00,Action,com.pubg.imobile,BGMI: FPS Battle Royale,4.3486485,7562799,952,"100,000,000+",270104601,100000000,0,True,1783675936,4.5.0
2026-09-01T11:30:57.758487+00:00,Action,com.miHoYo.GenshinImpact,Genshin Impact,3.2480767,5223359,133410,"100,000,000+",144023361,100000000,0,True,,Varies with device
2026-09-01T11:30:57.758487+00:00,Action,com.dts.freefireth,Free Fire: 9th Anniversary,4.342113,129591811,654808,"1,000,000,000+",2145586681,1000000000,0,True,1785824269,1.130.1
2026-09-01T11:30:57.758487+00:00,Action,com.activision.callofduty.shooter,Call of Duty®: Mobile,4.259387,16549031,810532,"100,000,000+",423669900,100000000,0,True,1782234521,1.0.56
2026-09-01T11:30:57.758487+00:00,Action,com.epicgames.fortnite,Fortnite,4.6520643,491804,34462,"10,000,000+",35401619,10000000,0,True,1787604991,42.00.0-57316517-Android
2026-09-01T11:30:57.758487+00:00,Arcade,com.king.candycrushsaga,Candy Crush Saga,4.6278195,38925550,2089441,"1,000,000,000+",2320708615,1000000000,0,True,1787655634,1.335.1.2
2026-09-01T11:30:57.758487+00:00,Arcade,air.com.hypah.io.slither,slither.io,3.903064,6551129,302482,"500,000,000+",602819757,500000000,0,True,1762688138,Varies with device
2026-09-01T11:30:57.758487+00:00,Arcade,com.halfbrick.fruitninjafree,Fruit Ninja®,4.476425,5336413,212870,"500,000,000+",640609793,500000000,0,True,1787297220,3.97.6
2026-09-01T11:30:57.758487+00:00,Arcade,com.ketchapp.stack,Stack,4.1034603,445687,20915,"50,000,000+",70218245,50000000,0,True,1787818849,4.0.7
2026-09-01T11:30:57.758487+00:00,Racing,com.gameloft.android.ANMP.GloftA9HM,Asphalt Legends - Racing Game,4.3487186,2860624,71882,"100,000,000+",165706670,100000000,0,True,1784894759,52.1.2a
2026-09-01T11:30:57.758487+00:00,Racing,com.miniclip.eightballpool,8 Ball Pool,4.7923064,31696400,983839,"1,000,000,000+",1332022036,1000000000,0,True,1787931184,56.29.1
2026-09-01T11:30:57.758487+00:00,Racing,com.hutchgames.hillclimb,MMX Hill Dash,4.355535,291220,17372,"10,000,000+",17488262,10000000,0,True,1759432506,2.01.14226
2026-09-01T11:30:57.758487+00:00,Adventure,com.mojang.minecraftpe,"Minecraft: Dream it, Build it!",4.310106,5813195,634613,"50,000,000+",96541450,50000000,6.99,False,1787164898,1.26.45.1
2026-09-01T11:30:57.758487+00:00,Adventure,com.roblox.client,Roblox,4.204917,51711236,3663948,"1,000,000,000+",1683595273,1000000000,0,True,1787859391,Varies with device
2026-09-01T11:30:57.758487+00:00,Adventure,com.innersloth.spacemafia,Among Us,3.9215686,13651527,529414,"500,000,000+",793275541,500000000,0,True,1786398116,2026.8.18
2026-09-01T11:30:57.758487+00:00,Puzzle,com.king.candycrushsodasaga,Candy Crush Soda Saga,4.5748906,8855476,390367,"500,000,000+",623966242,500000000,0,True,1787911516,1.325.2
2026-09-01T11:30:57.758487+00:00,Puzzle,com.easybrain.sudoku.android,Sudoku.com - Sudoku Puzzle,4.7361755,2477305,86286,"100,000,000+",107212372,100000000,0,True,1783000084,7.8.0
2026-09-01T11:30:57.758487+00:00,Puzzle,com.gramgames.mergedragons,Merge Dragons!,4.458005,1413752,146187,"50,000,000+",63745007,50000000,0,True,1787760550,13.13.0
2026-09-01T11:30:57.758487+00:00,Casual,com.supercell.hayday,Hay Day,4.3679123,13106485,415337,"100,000,000+",370790541,100000000,0,True,1786968591,1.72.86
2026-09-01T11:30:57.758487+00:00,Casual,com.playrix.homescapes,Homescapes,4.728226,13364272,370759,"500,000,000+",521000975,500000000,0,True,1787327194,9.1.100
2026-09-01T11:30:57.758487+00:00,Strategy,com.supercell.clashofclans,Clash of Clans,4.5225163,61361036,1969808,"500,000,000+",880012404,500000000,0,True,1787840822,18.600.1
2026-09-01T11:30:57.758487+00:00,Strategy,com.supercell.clashroyale,Clash Royale,4.445629,41683585,971250,"500,000,000+",632022666,500000000,0,True,1787946890,160402002
2026-09-01T11:30:57.758487+00:00,Card,com.mobilityware.solitaire,Solitaire - Classic Card Games,4.5566196,1799339,204172,"100,000,000+",151805144,100000000,0,True,1787674641,9.7.0.6614
2026-09-01T11:30:57.758487+00:00,Role Playing,com.garena.game.codm,Call of Duty®: Mobile - Garena,4.0704226,3927434,877,"50,000,000+",97398306,50000000,0,True,1782289562,1.6.56
2026-09-01T11:30:57.758487+00:00,Simulation,com.ea.games.simsfreeplay_row,The Sims™ FreePlay,4.6134453,5772864,65213,"100,000,000+",239086558,100000000,0,True,1787841647,117.1.280231
2026-09-01T11:30:57.758487+00:00,Sports,com.ea.gp.fifamobile,EA SPORTS FC Soccer Mobile 26,4.5719776,22815451,242306,"500,000,000+",793643157,500000000,0,True,1784864666,27.0.04
2026-09-01T11:30:57.758487+00:00,Board,com.king.farmheroessaga,Farm Heroes Saga,4.6387873,9826262,431510,"100,000,000+",432721244,100000000,0,True,1788199806,6.97.15
2026-09-01T11:30:57.758487+00:00,Trivia,com.scopely.wheeloffortune,Wheel of Fortune Official Game,4.599272,425700,120322,"10,000,000+",29031994,10000000,0,True,1787684010,4.10.1
2026-09-01T11:30:57.758487+00:00,Word,com.zynga.words,Classic Words With Friends,4.2171054,1681364,555234,"50,000,000+",55543479,50000000,0,True,1787600915,59.01.01
2026-09-02T11:05:47.694272+00:00,Action,com.pubg.imobile,BGMI: FPS Battle Royale,4.3486485,7564743,952,"100,000,000+",270104601,100000000,0,True,1783675936,4.5.0
2026-09-02T11:05:47.694272+00:00,Action,com.miHoYo.GenshinImpact,Genshin Impact,3.2476492,5223688,133418,"100,000,000+",144080134,100000000,0,True,,Varies with device
2026-09-02T11:05:47.694272+00:00,Action,com.dts.freefireth,Free Fire: 9th Anniversary,4.34229,129603141,654859,"1,000,000,000+",2146619468,1000000000,0,True,1785824269,1.130.1
2026-09-02T11:05:47.694272+00:00,Action,com.activision.callofduty.shooter,Call of Duty®: Mobile,4.25938,16549459,810540,"100,000,000+",423672325,100000000,0,True,1782234521,1.0.56
2026-09-02T11:05:47.694272+00:00,Action,com.epicgames.fortnite,Fortnite,4.652327,492490,34479,"10,000,000+",35413528,10000000,0,True,1787604991,42.00.0-57316517-Android
2026-09-02T11:05:47.694272+00:00,Arcade,com.king.candycrushsaga,Candy Crush Saga,4.627957,38927174,2089516,"1,000,000,000+",2322359013,1000000000,0,True,1787655634,1.335.1.2
2026-09-02T11:05:47.694272+00:00,Arcade,air.com.hypah.io.slither,slither.io,3.9031162,6551143,302481,"500,000,000+",602857154,500000000,0,True,1762688138,Varies with device
2026-09-02T11:05:47.694272+00:00,Arcade,com.halfbrick.fruitninjafree,Fruit Ninja®,4.4744234,5336772,212903,"500,000,000+",640771730,500000000,0,True,1787297220,3.97.6
2026-09-02T11:05:47.694272+00:00,Arcade,com.ketchapp.stack,Stack,4.1079187,445702,20915,"50,000,000+",70221379,50000000,0,True,1787818849,4.0.7
2026-09-02T11:05:47.694272+00:00,Racing,com.gameloft.android.ANMP.GloftA9HM,Asphalt Legends - Racing Game,4.3487134,2860664,71889,"100,000,000+",165778238,100000000,0,True,1784894759,52.1.2a
2026-09-02T11:05:47.694272+00:00,Racing,com.miniclip.eightballpool,8 Ball Pool,4.7920914,31701048,983887,"1,000,000,000+",1332530855,1000000000,0,True,1787931184,56.29.1
2026-09-02T11:05:47.694272+00:00,Racing,com.hutchgames.hillclimb,MMX Hill Dash,4.354839,291222,17372,"10,000,000+",17488361,10000000,0,True,1759432506,2.01.14226
2026-09-02T11:05:47.694272+00:00,Adventure,com.mojang.minecraftpe,"Minecraft: Dream it, Build it!",4.310022,5814427,634622,"50,000,000+",96720543,50000000,6.99,False,1787164898,1.26.45.1
2026-09-02T11:05:47.694272+00:00,Adventure,com.roblox.client,Roblox,4.205475,51733601,3664131,"1,000,000,000+",1685387336,1000000000,0,True,1787859391,Varies with device
2026-09-02T11:05:47.694272+00:00,Adventure,com.innersloth.spacemafia,Among Us,3.9216728,13652119,529422,"500,000,000+",793309260,500000000,0,True,1786398116,2026.8.18
2026-09-02T11:05:47.694272+00:00,Puzzle,com.king.candycrushsodasaga,Candy Crush Soda Saga,4.5747385,8855585,390371,"500,000,000+",624117222,500000000,0,True,1787911516,1.325.2
2026-09-02T11:05:47.694272+00:00,Puzzle,com.easybrain.sudoku.android,Sudoku.com - Sudoku Puzzle,4.7355375,2478011,86297,"100,000,000+",107329183,100000000,0,True,1783000084,7.8.0
2026-09-02T11:05:47.694272+00:00,Puzzle,com.gramgames.mergedragons,Merge Dragons!,4.4580374,1413787,146189,"50,000,000+",63753745,50000000,0,True,1788282461,13.13.0
2026-09-02T11:05:47.694272+00:00,Casual,com.supercell.hayday,Hay Day,4.368216,13106834,415338,"100,000,000+",370838230,100000000,0,True,1786968591,1.72.86
2026-09-02T11:05:47.694272+00:00,Casual,com.playrix.homescapes,Homescapes,4.7282653,13364607,370773,"500,000,000+",521054693,500000000,0,True,1787327194,9.1.100
2026-09-02T11:05:47.694272+00:00,Strategy,com.supercell.clashofclans,Clash of Clans,4.522486,61366701,1969852,"500,000,000+",880279761,500000000,0,True,1787840822,18.600.1
2026-09-02T11:05:47.694272+00:00,Strategy,com.supercell.clashroyale,Clash Royale,4.445467,41685347,971283,"500,000,000+",632022666,500000000,0,True,1787946890,160402002
2026-09-02T11:05:47.694272+00:00,Card,com.mobilityware.solitaire,Solitaire - Classic Card Games,4.556025,1799391,204172,"100,000,000+",151808624,100000000,0,True,1787674641,9.7.0.6614
2026-09-02T11:05:47.694272+00:00,Role Playing,com.garena.game.codm,Call of Duty®: Mobile - Garena,4.0704226,3927539,877,"50,000,000+",97420739,50000000,0,True,1782289562,1.6.56
2026-09-02T11:05:47.694272+00:00,Simulation,com.ea.games.simsfreeplay_row,The Sims™ FreePlay,4.6134453,5772946,65212,"100,000,000+",239107590,100000000,0,True,1787841647,117.1.280231
2026-09-02T11:05:47.694272+00:00,Sports,com.ea.gp.fifamobile,EA SPORTS FC Soccer Mobile 26,4.5718913,22821561,242320,"500,000,000+",794363019,500000000,0,True,1784864666,27.0.04
2026-09-02T11:05:47.694272+00:00,Board,com.king.farmheroessaga,Farm Heroes Saga,4.6387978,9826321,431512,"100,000,000+",432784507,100000000,0,True,1788199806,6.97.15
2026-09-02T11:05:47.694272+00:00,Trivia,com.scopely.wheeloffortune,Wheel of Fortune Official Game,4.6005917,425740,120323,"10,000,000+",29034557,10000000,0,True,1788282367,4.10.1
2026-09-02T11:05:47.694272+00:00,Word,com.zynga.words,Classic Words With Friends,4.227,1681367,555234,"50,000,000+",55543479,50000000,0,True,1787600915,59.01.01
2026-09-03T11:02:39.746445+00:00,Action,com.pubg.imobile,BGMI: FPS Battle Royale,4.3594594,7566889,952,"100,000,000+",270307112,100000000,0,True,1783675936,4.5.0
2026-09-03T11:02:39.746445+00:00,Action,com.miHoYo.GenshinImpact,Genshin Impact,3.2702935,5224095,133419,"100,000,000+",144080134,100000000,0,True,,Varies with device
2026-09-03T11:02:39.746445+00:00,Action,com.dts.freefireth,Free Fire: 9th Anniversary,4.3418303,129612013,654825,"1,000,000,000+",2146619468,1000000000,0,True,1785824269,1.130.1
2026-09-03T11:02:39.746445+00:00,Action,com.activision.callofduty.shooter,Call of Duty®: Mobile,4.259321,16549780,810554,"100,000,000+",423904727,100000000,0,True,1782234521,1.0.56
2026-09-03T11:02:39.746445+00:00,Action,com.epicgames.fortnite,Fortnite,4.650765,492897,34496,"10,000,000+",35600344,10000000,0,True,1788211582,42.10.0-57566230-Android
2026-09-03T11:02:39.746445+00:00,Arcade,com.king.candycrushsaga,Candy Crush Saga,4.6279693,38928577,2089573,"1,000,000,000+",2322380316,1000000000,0,True,1787655634,1.335.1.2
2026-09-03T11:02:39.746445+00:00,Arcade,air.com.hypah.io.slither,slither.io,3.9031484,6551172,302482,"500,000,000+",602933586,500000000,0,True,1762688138,Varies with device
2026-09-03T11:02:39.746445+00:00,Arcade,com.halfbrick.fruitninjafree,Fruit Ninja®,4.473266,5337135,212929,"500,000,000+",640771730,500000000,0,True,1787297220,3.97.6
2026-09-03T11:02:39.746445+00:00,Arcade,com.ketchapp.stack,Stack,4.1091995,445715,20916,"50,000,000+",70228096,50000000,0,True,1787818849,4.0.7
2026-09-03T11:02:39.746445+00:00,Racing,com.gameloft.android.ANMP.GloftA9HM,Asphalt Legends - Racing Game,4.3485293,2860715,71891,"100,000,000+",165778238,100000000,0,True,1784894759,52.1.2a
2026-09-03T11:02:39.746445+00:00,Racing,com.miniclip.eightballpool,8 Ball Pool,4.791856,31705179,983925,"1,000,000,000+",1332546597,1000000000,0,True,1787931184,56.29.1
2026-09-03T11:02:39.746445+00:00,Racing,com.hutchgames.hillclimb,MMX Hill Dash,4.354839,291220,17372,"10,000,000+",17488549,10000000,0,True,1759432506,2.01.14226
2026-09-03T11:02:39.746445+00:00,Adventure,com.mojang.minecraftpe,"Minecraft: Dream it, Build it!",4.3099494,5815515,634635,"50,000,000+",96720543,50000000,6.99,False,1787164898,1.26.45.1
2026-09-03T11:02:39.746445+00:00,Adventure,com.roblox.client,Roblox,4.2052035,51759974,3664317,"1,000,000,000+",1685387336,1000000000,0,True,1788388909,Varies with device
2026-09-03T11:02:39.746445+00:00,Adventure,com.innersloth.spacemafia,Among Us,3.9217927,13652491,529432,"500,000,000+",793653772,500000000,0,True,1786398116,2026.8.18
2026-09-03T11:02:39.746445+00:00,Puzzle,com.king.candycrushsodasaga,Candy Crush Soda Saga,4.574706,8855682,390376,"500,000,000+",624117222,500000000,0,True,1787911516,1.326.1
2026-09-03T11:02:39.746445+00:00,Puzzle,com.easybrain.sudoku.android,Sudoku.com - Sudoku Puzzle,4.7352386,2478552,86301,"100,000,000+",107329183,100000000,0,True,1783000084,7.8.0
2026-09-03T11:02:39.746445+00:00,Puzzle,com.gramgames.mergedragons,Merge Dragons!,4.4576273,1413810,146189,"50,000,000+",63753745,50000000,0,True,1788360642,13.13.0
2026-09-03T11:02:39.746445+00:00,Casual,com.supercell.hayday,Hay Day,4.368966,13107088,415352,"100,000,000+",370947133,100000000,0,True,1786968591,1.72.86
2026-09-03T11:02:39.746445+00:00,Casual,com.playrix.homescapes,Homescapes,4.7281556,13364748,370780,"500,000,000+",521054693,500000000,0,True,1787327194,9.1.100
2026-09-03T11:02:39.746445+00:00,Strategy,com.supercell.clashofclans,Clash of Clans,4.5224404,61366620,1969785,"500,000,000+",880279761,500000000,0,True,1787840822,18.600.1
2026-09-03T11:02:39.746445+00:00,Strategy,com.supercell.clashroyale,Clash Royale,4.445167,41688839,971294,"500,000,000+",632158434,500000000,0,True,1787946890,160402002
2026-09-03T11:02:39.746445+00:00,Card,com.mobilityware.solitaire,Solitaire - Classic Card Games,4.556261,1799441,204175,"100,000,000+",151817253,100000000,0,True,1787674641,9.7.0.6614
2026-09-03T11:02:39.746445+00:00,Role Playing,com.garena.game.codm,Call of Duty®: Mobile - Garena,4.0704226,3927555,876,"50,000,000+",97474625,50000000,0,True,1788177120,1.6.57
2026-09-03T11:02:39.746445+00:00,Simulation,com.ea.games.simsfreeplay_row,The Sims™ FreePlay,4.6134453,5773002,65212,"100,000,000+",239144578,100000000,0,True,1787841647,117.1.280231
2026-09-03T11:02:39.746445+00:00,Sports,com.ea.gp.fifamobile,EA SPORTS FC Soccer Mobile 26,4.571532,22823975,242309,"500,000,000+",794363019,500000000,0,True,1784864666,27.0.04
2026-09-03T11:02:39.746445+00:00,Board,com.king.farmheroessaga,Farm Heroes Saga,4.638841,9826375,431519,"100,000,000+",432784507,100000000,0,True,1788199806,6.97.15
2026-09-03T11:02:39.746445+00:00,Trivia,com.scopely.wheeloffortune,Wheel of Fortune Official Game,4.60046,425748,120324,"10,000,000+",29034557,10000000,0,True,1788282367,4.10.1
2026-09-03T11:02:39.746445+00:00,Word,com.zynga.words,Classic Words With Friends,4.2286067,1681372,555237,"50,000,000+",55543479,50000000,0,True,1787600915,59.01.01
2026-09-04T11:03:51.609220+00:00,Action,com.pubg.imobile,BGMI: FPS Battle Royale,4.3594594,7568907,952,"100,000,000+",270307112,100000000,0,True,1783675936,4.5.0
2026-09-04T11:03:51.609220+00:00,Action,com.miHoYo.GenshinImpact,Genshin Impact,3.2702515,5224437,133417,"100,000,000+",144080134,100000000,0,True,,Varies with device
2026-09-04T11:03:51.609220+00:00,Action,com.dts.freefireth,Free Fire: 9th Anniversary,4.3417916,129607317,654809,"1,000,000,000+",2146685481,1000000000,0,True,1785824269,1.130.1
2026-09-04T11:03:51.609220+00:00,Action,com.activision.callofduty.shooter,Call of Duty®: Mobile,4.2592583,16550061,810566,"100,000,000+",423904727,100000000,0,True,1782234521,1.0.56
2026-09-04T11:03:51.609220+00:00,Action,com.epicgames.fortnite,Fortnite,4.650384,493418,34530,"10,000,000+",35608702,10000000,0,True,1788211582,42.10.0-57566230-Android
2026-09-04T11:03:51.609220+00:00,Arcade,com.king.candycrushsaga,Candy Crush Saga,4.628164,38929875,2089644,"1,000,000,000+",2322380316,1000000000,0,True,1787655634,1.335.1.2
2026-09-04T11:03:51.609220+00:00,Arcade,air.com.hypah.io.slither,slither.io,3.9024327,6551181,302484,"500,000,000+",602933586,500000000,0,True,1762688138,Varies with device
2026-09-04T11:03:51.609220+00:00,Arcade,com.halfbrick.fruitninjafree,Fruit Ninja®,4.4729,5337484,212944,"500,000,000+",640771730,500000000,0,True,1787297220,3.97.6
2026-09-04T11:03:51.609220+00:00,Arcade,com.ketchapp.stack,Stack,4.1107593,445730,20916,"50,000,000+",70228486,50000000,0,True,1787818849,4.0.7
2026-09-04T11:03:51.609220+00:00,Racing,com.gameloft.android.ANMP.GloftA9HM,Asphalt Legends - Racing Game,4.348178,2860747,71895,"100,000,000+",165778238,100000000,0,True,1784894759,52.1.2a
2026-09-04T11:03:51.609220+00:00,Racing,com.miniclip.eightballpool,8 Ball Pool,4.7918344,31709420,983960,"1,000,000,000+",1332546597,1000000000,0,True,1787931184,56.29.1
2026-09-04T11:03:51.609220+00:00,Racing,com.hutchgames.hillclimb,MMX Hill Dash,4.3550963,291220,17372,"10,000,000+",17488564,10000000,0,True,1759432506,2.01.14226
2026-09-04T11:03:51.609220+00:00,Adventure,com.mojang.minecraftpe,"Minecraft: Dream it, Build it!",4.309815,5816896,634646,"50,000,000+",96727162,50000000,6.99,False,1787164898,1.26.45.1
2026-09-04T11:03:51.609220+00:00,Adventure,com.roblox.client,Roblox,4.205082,51787969,3664519,"1,000,000,000+",1685493022,1000000000,0,True,1788455610,Varies with device
2026-09-04T11:03:51.609220+00:00,Adventure,com.innersloth.spacemafia,Among Us,3.9218297,13652896,529438,"500,000,000+",793678931,500000000,0,True,1786398116,2026.8.18
2026-09-04T11:03:51.609220+00:00,Puzzle,com.king.candycrushsodasaga,Candy Crush Soda Saga,4.5747986,8855762,390391,"500,000,000+",624119260,500000000,0,True,1787911516,1.326.1
2026-09-04T11:03:51.609220+00:00,Puzzle,com.easybrain.sudoku.android,Sudoku.com - Sudoku Puzzle,4.7358603,2479181,86307,"100,000,000+",107331923,100000000,0,True,1783000084,7.8.0
2026-09-04T11:03:51.609220+00:00,Puzzle,com.gramgames.mergedragons,Merge Dragons!,4.457687,1413845,146191,"50,000,000+",63753964,50000000,0,True,1788360642,13.13.0
2026-09-04T11:03:51.609220+00:00,Casual,com.supercell.hayday,Hay Day,4.3696938,13107606,415347,"100,000,000+",370947133,100000000,0,True,1786968591,1.72.86
2026-09-04T11:03:51.609220+00:00,Casual,com.playrix.homescapes,Homescapes,4.7281046,13364927,370786,"500,000,000+",521056189,500000000,0,True,1788451115,9.1.102
2026-09-04T11:03:51.609220+00:00,Strategy,com.supercell.clashofclans,Clash of Clans,4.522537,61365737,1969750,"500,000,000+",880284012,500000000,0,True,1787840822,18.600.1
2026-09-04T11:03:51.609220+00:00,Strategy,com.supercell.clashroyale,Clash Royale,4.444714,41690894,971309,"500,000,000+",632165280,500000000,0,True,1787946890,160402002
2026-09-04T11:03:51.609220+00:00,Card,com.mobilityware.solitaire,Solitaire - Classic Card Games,4.55618,1799489,204176,"100,000,000+",151817253,100000000,0,True,1787674641,9.7.0.6614
2026-09-04T11:03:51.609220+00:00,Role Playing,com.garena.game.codm,Call of Duty®: Mobile - Garena,4.0704226,3927722,876,"50,000,000+",97474625,50000000,0,True,1788177120,1.6.57
2026-09-04T11:03:51.609220+00:00,Simulation,com.ea.games.simsfreeplay_row,The Sims™ FreePlay,4.6134453,5773046,65212,"100,000,000+",239144578,100000000,0,True,1787841647,117.1.280231
2026-09-04T11:03:51.609220+00:00,Sports,com.ea.gp.fifamobile,EA SPORTS FC Soccer Mobile 26,4.571296,22827582,242330,"500,000,000+",794400234,500000000,0,True,1784864666,27.0.04
2026-09-04T11:03:51.609220+00:00,Board,com.king.farmheroessaga,Farm Heroes Saga,4.638717,9826474,431526,"100,000,000+",432785352,100000000,0,True,1788199806,6.97.15
2026-09-04T11:03:51.609220+00:00,Trivia,com.scopely.wheeloffortune,Wheel of Fortune Official Game,4.6006513,425752,120324,"10,000,000+",29034586,10000000,0,True,1788282367,4.11
2026-09-04T11:03:51.609220+00:00,Word,com.zynga.words,Classic Words With Friends,4.2331743,1681381,555237,"50,000,000+",55543479,50000000,0,True,1787600915,59.01.01
2026-09-05T10:25:35.573260+00:00,Action,com.pubg.imobile,BGMI: FPS Battle Royale,4.3594594,7570583,952,"100,000,000+",270307112,100000000,0,True,1783675936,4.5.0
2026-09-05T10:25:35.573260+00:00,Action,com.miHoYo.GenshinImpact,Genshin Impact,3.2706006,5224535,133409,"100,000,000+",144080134,100000000,0,True,,Varies with device
2026-09-05T10:25:35.573260+00:00,Action,com.dts.freefireth,Free Fire: 9th Anniversary,4.341836,129592875,654753,"1,000,000,000+",2146685481,1000000000,0,True,1785824269,1.130.1
2026-09-05T10:25:35.573260+00:00,Action,com.activision.callofduty.shooter,Call of Duty®: Mobile,4.259268,16549904,810545,"100,000,000+",423911740,100000000,0,True,1782234521,1.0.56
2026-09-05T10:25:35.573260+00:00,Action,com.epicgames.fortnite,Fortnite,4.645688,494070,34550,"10,000,000+",35608702,10000000,0,True,1788211582,42.10.0-57566230-Android
2026-09-05T10:25:35.573260+00:00,Arcade,com.king.candycrushsaga,Candy Crush Saga,4.628172,38919088,2088982,"1,000,000,000+",2322380316,1000000000,0,True,1787655634,1.335.1.2
2026-09-05T10:25:35.573260+00:00,Arcade,air.com.hypah.io.slither,slither.io,3.9025936,6549693,302456,"500,000,000+",602933586,500000000,0,True,1762688138,Varies with device
2026-09-05T10:25:35.573260+00:00,Arcade,com.halfbrick.fruitninjafree,Fruit Ninja®,4.4725156,5333288,212839,"500,000,000+",640771730,500000000,0,True,1787297220,3.97.6
2026-09-05T10:25:35.573260+00:00,Arcade,com.ketchapp.stack,Stack,4.1133404,445684,20914,"50,000,000+",70228486,50000000,0,True,1787818849,4.0.7
2026-09-05T10:25:35.573260+00:00,Racing,com.gameloft.android.ANMP.GloftA9HM,Asphalt Legends - Racing Game,4.3480396,2860636,71891,"100,000,000+",165778238,100000000,0,True,1784894759,52.1.2a
2026-09-05T10:25:35.573260+00:00,Racing,com.miniclip.eightballpool,8 Ball Pool,4.7916613,31705865,983800,"1,000,000,000+",1332546597,1000000000,0,True,1787931184,56.29.1
2026-09-05T10:25:35.573260+00:00,Racing,com.hutchgames.hillclimb,MMX Hill Dash,4.355173,291188,17371,"10,000,000+",17488564,10000000,0,True,1759432506,2.01.14226
2026-09-05T10:25:35.573260+00:00,Adventure,com.mojang.minecraftpe,"Minecraft: Dream it, Build it!",4.309741,5817429,634610,"50,000,000+",96727162,50000000,6.99,False,1787164898,1.26.45.1
2026-09-05T10:25:35.573260+00:00,Adventure,com.roblox.client,Roblox,4.205377,51813888,3664351,"1,000,000,000+",1685493022,1000000000,0,True,1788455610,Varies with device
2026-09-05T10:25:35.573260+00:00,Adventure,com.innersloth.spacemafia,Among Us,3.9216914,13652711,529424,"500,000,000+",793678931,500000000,0,True,1786398116,2026.8.18
2026-09-05T10:25:35.573260+00:00,Puzzle,com.king.candycrushsodasaga,Candy Crush Soda Saga,4.574748,8852784,390309,"500,000,000+",624119260,500000000,0,True,1787911516,1.326.1
2026-09-05T10:25:35.573260+00:00,Puzzle,com.easybrain.sudoku.android,Sudoku.com - Sudoku Puzzle,4.73607,2479709,86312,"100,000,000+",107331923,100000000,0,True,1788549464,7.8.0
2026-09-05T10:25:35.573260+00:00,Puzzle,com.gramgames.mergedragons,Merge Dragons!,4.457792,1413835,146191,"50,000,000+",63753964,50000000,0,True,1788360642,13.13.0
2026-09-05T10:25:35.573260+00:00,Casual,com.supercell.hayday,Hay Day,4.369637,13102082,415168,"100,000,000+",370947133,100000000,0,True,1786968591,1.72.86
2026-09-05T10:25:35.573260+00:00,Casual,com.playrix.homescapes,Homescapes,4.7280087,13364370,370767,"500,000,000+",521056189,500000000,0,True,1788451115,9.1.102
2026-09-05T10:25:35.573260+00:00,Strategy,com.supercell.clashofclans,Clash of Clans,4.5226445,61339949,1969213,"500,000,000+",880284012,500000000,0,True,1787840822,18.600.1
2026-09-05T10:25:35.573260+00:00,Strategy,com.supercell.clashroyale,Clash Royale,4.4429946,41688202,971240,"500,000,000+",632165280,500000000,0,True,1787946890,160402002
2026-09-05T10:25:35.573260+00:00,Card,com.mobilityware.solitaire,Solitaire - Classic Card Games,4.555949,1798648,204071,"100,000,000+",151817253,100000000,0,True,1787674641,9.7.0.6614
2026-09-05T10:25:35.573260+00:00,Role Playing,com.garena.game.codm,Call of Duty®: Mobile - Garena,4.0704226,3928319,876,"50,000,000+",97474625,50000000,0,True,1788177120,1.6.57
2026-09-05T10:25:35.573260+00:00,Simulation,com.ea.games.simsfreeplay_row,The Sims™ FreePlay,4.6134453,5771007,65162,"100,000,000+",239144578,100000000,0,True,1787841647,117.1.280231
2026-09-05T10:25:35.573260+00:00,Sports,com.ea.gp.fifamobile,EA SPORTS FC Soccer Mobile 26,4.5709515,22828450,242328,"500,000,000+",794400234,500000000,0,True,1784864666,27.0.04
2026-09-05T10:25:35.573260+00:00,Board,com.king.farmheroessaga,Farm Heroes Saga,4.638738,9822026,431366,"100,000,000+",432785352,100000000,0,True,1788199806,6.97.15
2026-09-05T10:25:35.573260+00:00,Trivia,com.scopely.wheeloffortune,Wheel of Fortune Official Game,4.6004186,425726,120319,"10,000,000+",29034586,10000000,0,True,1788282367,4.11
2026-09-05T10:25:35.573260+00:00,Word,com.zynga.words,Classic Words With Friends,4.2373824,1680313,554934,"50,000,000+",55543479,50000000,0,True,1787600915,59.01.01
2026-09-06T10:44:31.072643+00:00,Action,com.pubg.imobile,BGMI: FPS Battle Royale,4.3672924,7572775,951,"100,000,000+",270313450,100000000,0,True,1783675936,4.5.0
2026-09-06T10:44:31.072643+00:00,Action,com.miHoYo.GenshinImpact,Genshin Impact,3.2701094,5224846,133412,"100,000,000+",144082801,100000000,0,True,,Varies with device
2026-09-06T10:44:31.072643+00:00,Action,com.dts.freefireth,Free Fire: 9th Anniversary,4.3417478,129590046,654733,"1,000,000,000+",2146685481,1000000000,0,True,1785824269,1.130.1
2026-09-06T10:44:31.072643+00:00,Action,com.activision.callofduty.shooter,Call of Duty®: Mobile,4.259305,16550293,810549,"100,000,000+",423911740,100000000,0,True,1782234521,1.0.56
2026-09-06T10:44:31.072643+00:00,Action,com.epicgames.fortnite,Fortnite,4.64362,494814,34578,"10,000,000+",35608702,10000000,0,True,1788211582,42.10.0-57566230-Android
2026-09-06T10:44:31.072643+00:00,Arcade,com.king.candycrushsaga,Candy Crush Saga,4.628233,38920404,2089026,"1,000,000,000+",2322380316,1000000000,0,True,1787655634,1.335.1.2
2026-09-06T10:44:31.072643+00:00,Arcade,air.com.hypah.io.slither,slither.io,3.9024441,6549697,302456,"500,000,000+",602937968,500000000,0,True,1762688138,Varies with device
2026-09-06T10:44:31.072643+00:00,Arcade,com.halfbrick.fruitninjafree,Fruit Ninja®,4.4585915,5333613,212876,"500,000,000+",640775768,500000000,0,True,1787297220,3.97.6
2026-09-06T10:44:31.072643+00:00,Arcade,com.ketchapp.stack,Stack,4.1133003,445703,20914,"50,000,000+",70228486,50000000,0,True,1787818849,4.0.7
2026-09-06T10:44:31.072643+00:00,Racing,com.gameloft.android.ANMP.GloftA9HM,Asphalt Legends - Racing Game,4.348181,2860701,71891,"100,000,000+",165780304,100000000,0,True,1784894759,52.1.2a
2026-09-06T10:44:31.072643+00:00,Racing,com.miniclip.eightballpool,8 Ball Pool,4.7917337,31710296,983844,"1,000,000,000+",1332546597,1000000000,0,True,1787931184,56.29.1
2026-09-06T10:44:31.072643+00:00,Racing,com.hutchgames.hillclimb,MMX Hill Dash,4.355173,291188,17371,"10,000,000+",17488564,10000000,0,True,1759432506,2.01.14226
2026-09-06T10:44:31.072643+00:00,Adventure,com.mojang.minecraftpe,"Minecraft: Dream it, Build it!",4.309851,5818738,634635,"50,000,000+",96727162,50000000,6.99,False,1787164898,1.26.45.1
2026-09-06T10:44:31.072643+00:00,Adventure,com.roblox.client,Roblox,4.206658,51848186,3664657,"1,000,000,000+",1685493022,1000000000,0,True,1788455610,Varies with device
2026-09-06T10:44:31.072643+00:00,Adventure,com.innersloth.spacemafia,Among Us,3.9219458,13653135,529431,"500,000,000+",793678931,500000000,0,True,1786398116,2026.8.18
2026-09-06T10:44:31.072643+00:00,Puzzle,com.king.candycrushsodasaga,Candy Crush Soda Saga,4.5746584,8852863,390313,"500,000,000+",624119260,500000000,0,True,1787911516,1.326.1
2026-09-06T10:44:31.072643+00:00,Puzzle,com.easybrain.sudoku.android,Sudoku.com - Sudoku Puzzle,4.7359734,2480430,86322,"100,000,000+",107331923,100000000,0,True,1788549464,7.8.0
2026-09-06T10:44:31.072643+00:00,Puzzle,com.gramgames.mergedragons,Merge Dragons!,4.457584,1413855,146193,"50,000,000+",63753964,50000000,0,True,1788360642,13.13.0
2026-09-06T10:44:31.072643+00:00,Casual,com.supercell.hayday,Hay Day,4.369912,13102419,415168,"100,000,000+",370947133,100000000,0,True,1786968591,1.72.86
2026-09-06T10:44:31.072643+00:00,Casual,com.playrix.homescapes,Homescapes,4.728012,13364830,370773,"500,000,000+",521056189,500000000,0,True,1788451115,9.1.102
2026-09-06T10:44:31.072643+00:00,Strategy,com.supercell.clashofclans,Clash of Clans,4.5227084,61339113,1969194,"500,000,000+",880284012,500000000,0,True,1787840822,18.600.1
2026-09-06T10:44:31.072643+00:00,Strategy,com.supercell.clashroyale,Clash Royale,4.4429646,41692267,971254,"500,000,000+",632165280,500000000,0,True,1787946890,160402002
2026-09-06T10:44:31.072643+00:00,Card,com.mobilityware.solitaire,Solitaire - Classic Card Games,4.5558066,1798681,204072,"100,000,000+",151817345,100000000,0,True,1787674641,9.7.0.6614
2026-09-06T10:44:31.072643+00:00,Role Playing,com.garena.game.codm,Call of Duty®: Mobile - Garena,4.0704226,3928946,876,"50,000,000+",97476097,50000000,0,True,1788177120,1.6.57
2026-09-06T10:44:31.072643+00:00,Simulation,com.ea.games.simsfreeplay_row,The Sims™ FreePlay,4.6134453,5771041,65160,"100,000,000+",239146769,100000000,0,True,1787841647,117.1.280231
2026-09-06T10:44:31.072643+00:00,Sports,com.ea.gp.fifamobile,EA SPORTS FC Soccer Mobile 26,4.604906,22835871,242388,"500,000,000+",794400234,500000000,0,True,1784864666,27.0.04
2026-09-06T10:44:31.072643+00:00,Board,com.king.farmheroessaga,Farm Heroes Saga,4.6388245,9822060,431365,"100,000,000+",432785352,100000000,0,True,1788199806,6.97.15
2026-09-06T10:44:31.072643+00:00,Trivia,com.scopely.wheeloffortune,Wheel of Fortune Official Game,4.6001916,425728,120319,"10,000,000+",29034586,10000000,0,True,1788282367,4.11
2026-09-06T10:44:31.072643+00:00,Word,com.zynga.words,Classic Words With Friends,4.2373824,1680306,554934,"50,000,000+",55543479,50000000,0,True,1787600915,59.01.01
2026-09-07T12:14:14.362671+00:00,Action,com.pubg.imobile,BGMI: FPS Battle Royale,4.3672924,7574969,951,"100,000,000+",270313450,100000000,0,True,1783675936,4.5.0
2026-09-07T12:14:14.362671+00:00,Action,com.miHoYo.GenshinImpact,Genshin Impact,3.2705874,5225187,133410,"100,000,000+",144082801,100000000,0,True,,Varies with device
2026-09-07T12:14:14.362671+00:00,Action,com.dts.freefireth,Free Fire: 9th Anniversary,4.3416824,129583865,654706,"1,000,000,000+",2146685481,1000000000,0,True,1785824269,1.130.1
2026-09-07T12:14:14.362671+00:00,Action,com.activision.callofduty.shooter,Call of Duty®: Mobile,4.259184,16550453,810562,"100,000,000+",423911740,100000000,0,True,1788210620,1.0.57
2026-09-07T12:14:14.362671+00:00,Action,com.epicgames.fortnite,Fortnite,4.637557,495581,34611,"10,000,000+",35608702,10000000,0,True,1788211582,42.10.0-57566230-Android
2026-09-07T12:14:14.362671+00:00,Action,com.tencent.ig,PUBG MOBILE,4.320269,48613220,860031,"1,000,000,000+",1109993284,1000000000,0,True,1782908123,4.5.0
2026-09-07T12:14:14.362671+00:00,Action,com.supercell.brawlstars,Brawl Stars,4.201951,26099353,327000,"500,000,000+",550506388,500000000,0,True,1788519695,69.252
2026-09-07T12:14:14.362671+00:00,Action,com.dts.freefiremax,Free Fire MAX,4.467656,31784628,69907,"500,000,000+",947017520,500000000,0,True,1785769209,2.131.1
2026-09-07T12:14:14.362671+00:00,Arcade,com.king.candycrushsaga,Candy Crush Saga,4.628532,38918501,2088913,"1,000,000,000+",2322380316,1000000000,0,True,1787655634,1.335.1.2
2026-09-07T12:14:14.362671+00:00,Arcade,air.com.hypah.io.slither,slither.io,3.9022322,6549368,302450,"500,000,000+",602937968,500000000,0,True,1762688138,Varies with device
2026-09-07T12:14:14.362671+00:00,Arcade,com.halfbrick.fruitninjafree,Fruit Ninja®,4.4486933,5332622,212859,"500,000,000+",640775768,500000000,0,True,1787297220,3.97.6
2026-09-07T12:14:14.362671+00:00,Arcade,com.ketchapp.stack,Stack,4.11506,445726,20912,"50,000,000+",70228486,50000000,0,True,1787818849,4.0.7
2026-09-07T12:14:14.362671+00:00,Arcade,com.halfbrick.jetpackjoyride,Jetpack Joyride,4.4445686,4756220,193275,"100,000,000+",292356606,100000000,0,True,1772404237,1.104.1
2026-09-07T12:14:14.362671+00:00,Arcade,com.imangi.templerun2,Temple Run 2,4.07767,9836503,371273,"1,000,000,000+",1234043776,1000000000,0,True,1786622548,1.134.0
2026-09-07T12:14:14.362671+00:00,Arcade,com.kiloo.subwaysurf,Subway Surfers,4.5501347,41545436,1753419,"1,000,000,000+",2929621473,1000000000,0,True,1788766032,3.68.6
2026-09-07T12:14:14.362671+00:00,Racing,com.gameloft.android.ANMP.GloftA9HM,Asphalt Legends - Racing Game,4.348158,2860767,71890,"100,000,000+",165780304,100000000,0,True,1784894759,52.1.2a
2026-09-07T12:14:14.362671+00:00,Racing,com.miniclip.eightballpool,8 Ball Pool,4.791663,31712681,983833,"1,000,000,000+",1332546597,1000000000,0,True,1787931184,56.29.1
2026-09-07T12:14:14.362671+00:00,Racing,com.hutchgames.hillclimb,MMX Hill Dash,4.355173,291182,17371,"10,000,000+",17488564,10000000,0,True,1759432506,2.01.14226
2026-09-07T12:14:14.362671+00:00,Racing,com.gameloft.android.ANMP.GloftA8HM,Asphalt 8 - Car Racing Game,4.584271,11984876,285643,"500,000,000+",574223873,500000000,0,True,1785930343,9.1.0i
2026-09-07T12:14:14.362671+00:00,Adventure,com.mojang.minecraftpe,"Minecraft: Dream it, Build it!",4.309468,5820206,634658,"50,000,000+",96727162,50000000,6.99,False,1787164898,1.26.45.1
2026-09-07T12:14:14.362671+00:00,Adventure,com.roblox.client,Roblox,4.205958,51882128,3664904,"1,000,000,000+",1685493022,1000000000,0,True,1788455610,Varies with device
2026-09-07T12:14:14.362671+00:00,Adventure,com.innersloth.spacemafia,Among Us,3.9219928,13653620,529441,"500,000,000+",793678931,500000000,0,True,1786398116,2026.8.18
2026-09-07T12:14:14.362671+00:00,Puzzle,com.king.candycrushsodasaga,Candy Crush Soda Saga,4.5745893,8852096,390300,"500,000,000+",624119260,500000000,0,True,1787911516,1.326.1
2026-09-07T12:14:14.362671+00:00,Puzzle,com.easybrain.sudoku.android,Sudoku.com - Sudoku Puzzle,4.73545,2481062,86330,"100,000,000+",107331923,100000000,0,True,1788549464,7.8.0
2026-09-07T12:14:14.362671+00:00,Puzzle,com.gramgames.mergedragons,Merge Dragons!,4.457558,1413881,146192,"50,000,000+",63753964,50000000,0,True,1788360642,13.14.0
2026-09-07T12:14:14.362671+00:00,Puzzle,com.easybrain.block.puzzle.games,Blockudoku®: Block Puzzle Game,4.619666,1291969,32929,"100,000,000+",122976276,100000000,0,True,1788447743,3.29.0
2026-09-07T12:14:14.362671+00:00,Casual,com.supercell.hayday,Hay Day,4.3706336,13101209,415128,"100,000,000+",370947133,100000000,0,True,1786968591,1.72.86
2026-09-07T12:14:14.362671+00:00,Casual,com.playrix.homescapes,Homescapes,4.7279367,13364907,370783,"500,000,000+",521056189,500000000,0,True,1788451115,9.1.102
2026-09-07T12:14:14.362671+00:00,Casual,com.playrix.township,Township,4.6914177,12870924,373733,"500,000,000+",519426129,500000000,0,True,1787913818,38.1.1
2026-09-07T12:14:14.362671+00:00,Strategy,com.supercell.clashofclans,Clash of Clans,4.5227294,61331768,1969050,"500,000,000+",880284012,500000000,0,True,1787840822,18.600.1
2026-09-07T12:14:14.362671+00:00,Strategy,com.supercell.clashroyale,Clash Royale,4.442838,41694213,971266,"500,000,000+",632165280,500000000,0,True,1787946890,160402002
2026-09-07T12:14:14.362671+00:00,Strategy,com.igg.android.lordsmobile,Lords Mobile x Transformers,4.4858713,9169695,181352,"500,000,000+",627854815,500000000,0,True,1788233284,2.201
2026-09-07T12:14:14.362671+00:00,Strategy,com.supercell.boombeach,Boom Beach: War Strategy Game,4.445609,6249510,289073,"100,000,000+",107851176,100000000,0,True,1786957130,62.100
2026-09-07T12:14:14.362671+00:00,Card,com.mobilityware.solitaire,Solitaire - Classic Card Games,4.556213,1798443,204034,"100,000,000+",151817345,100000000,0,True,1787674641,9.7.0.6614
2026-09-07T12:14:14.362671+00:00,Casino,com.doubledown.casino,2 Down Casino,,,,500+,502,500,0,True,1782301205,1.0
2026-09-07T12:14:14.362671+00:00,Role Playing,com.garena.game.codm,Call of Duty®: Mobile - Garena,4.0704226,3929403,876,"50,000,000+",97476097,50000000,0,True,1788177120,1.6.57
2026-09-07T12:14:14.362671+00:00,Simulation,com.ea.games.simsfreeplay_row,The Sims™ FreePlay,4.6134453,5770452,65148,"100,000,000+",239146769,100000000,0,True,1787841647,117.1.280231
2026-09-07T12:14:14.362671+00:00,Simulation,com.outfit7.mytalkingtom2,My Talking Tom 2: Pet Game,4.2925773,6746589,51001,"1,000,000,000+",1122022900,1000000000,0,True,1788778304,Varies with device
2026-09-07T12:14:14.362671+00:00,Sports,com.ea.gp.fifamobile,EA SPORTS FC Soccer Mobile 26,4.6048636,22840943,242411,"500,000,000+",794400234,500000000,0,True,1784864666,27.0.04
2026-09-07T12:14:14.362671+00:00,Board,com.king.farmheroessaga,Farm Heroes Saga,4.6389146,9820927,431324,"100,000,000+",432785352,100000000,0,True,1788199806,6.97.15
2026-09-07T12:14:14.362671+00:00,Trivia,com.scopely.wheeloffortune,Wheel of Fortune Official Game,4.600329,425725,120320,"10,000,000+",29034586,10000000,0,True,1788282367,4.11
2026-09-07T12:14:14.362671+00:00,Trivia,com.etermax.preguntados.lite,Trivia Crack: Brain Quiz Games,4.46756,7860528,524483,"100,000,000+",267868784,100000000,0,True,1788355891,3.385.1
2026-09-07T12:14:14.362671+00:00,Word,com.zynga.words,Classic Words With Friends,4.237191,1680021,554868,"50,000,000+",55543479,50000000,0,True,1787600915,59.01.01
2026-09-08T11:03:50.365210+00:00,Action,com.pubg.imobile,BGMI: FPS Battle Royale,4.3672924,7576910,951,"100,000,000+",270313450,100000000,0,True,1783675936,4.5.0
2026-09-08T11:03:50.365210+00:00,Action,com.miHoYo.GenshinImpact,Genshin Impact,3.2706397,5225448,133419,"100,000,000+",144082801,100000000,0,True,,Varies with device
2026-09-08T11:03:50.365210+00:00,Action,com.dts.freefireth,Free Fire: 9th Anniversary,4.341721,129581204,654691,"1,000,000,000+",2147375995,1000000000,0,True,1785824269,1.130.1
2026-09-08T11:03:50.365210+00:00,Action,com.activision.callofduty.shooter,Call of Duty®: Mobile,4.259312,16550871,810591,"100,000,000+",423911740,100000000,0,True,1788210620,1.0.57
2026-09-08T11:03:50.365210+00:00,Action,com.epicgames.fortnite,Fortnite,4.6376667,496324,34643,"10,000,000+",35608702,10000000,0,True,1788211582,42.10.0-57566230-Android
2026-09-08T11:03:50.365210+00:00,Action,com.tencent.ig,PUBG MOBILE,4.3203244,48613679,860036,"1,000,000,000+",1110251163,1000000000,0,True,1787890096,4.5.0
2026-09-08T11:03:50.365210+00:00,Action,com.supercell.brawlstars,Brawl Stars,4.20248,26101015,327035,"500,000,000+",550729744,500000000,0,True,1788519695,69.252
2026-09-08T11:03:50.365210+00:00,Action,com.dts.freefiremax,Free Fire MAX,4.4680805,31790539,69915,"500,000,000+",947637861,500000000,0,True,1785769209,2.131.1
2026-09-08T11:03:50.365210+00:00,Arcade,com.king.candycrushsaga,Candy Crush Saga,4.6286554,38919136,2088922,"1,000,000,000+",2322380316,1000000000,0,True,1788793985,1.335.1.2
2026-09-08T11:03:50.365210+00:00,Arcade,air.com.hypah.io.slither,slither.io,3.9029753,6549300,302448,"500,000,000+",602937968,500000000,0,True,1762688138,Varies with device
2026-09-08T11:03:50.365210+00:00,Arcade,com.halfbrick.fruitninjafree,Fruit Ninja®,4.4438953,5332544,212893,"500,000,000+",640864469,500000000,0,True,1787297220,3.97.6
2026-09-08T11:03:50.365210+00:00,Arcade,com.ketchapp.stack,Stack,4.1106396,445750,20913,"50,000,000+",70228486,50000000,0,True,1787818849,4.0.7
2026-09-08T11:03:50.365210+00:00,Arcade,com.halfbrick.jetpackjoyride,Jetpack Joyride,4.444224,4756050,193272,"100,000,000+",292356606,100000000,0,True,1772404237,1.104.1
2026-09-08T11:03:50.365210+00:00,Arcade,com.imangi.templerun2,Temple Run 2,4.076765,9836304,371263,"1,000,000,000+",1234043776,1000000000,0,True,1786622548,1.134.0
2026-09-08T11:03:50.365210+00:00,Arcade,com.kiloo.subwaysurf,Subway Surfers,4.549975,41545142,1753391,"1,000,000,000+",2930305855,1000000000,0,True,1788766032,3.68.6
2026-09-08T11:03:50.365210+00:00,Racing,com.gameloft.android.ANMP.GloftA9HM,Asphalt Legends - Racing Game,4.347939,2860843,71895,"100,000,000+",165809542,100000000,0,True,1784894759,52.1.2a
2026-09-08T11:03:50.365210+00:00,Racing,com.miniclip.eightballpool,8 Ball Pool,4.791696,31716567,983869,"1,000,000,000+",1332546597,1000000000,0,True,1787931184,56.29.2
2026-09-08T11:03:50.365210+00:00,Racing,com.hutchgames.hillclimb,MMX Hill Dash,4.3558354,291181,17371,"10,000,000+",17488564,10000000,0,True,1759432506,2.01.14226
2026-09-08T11:03:50.365210+00:00,Racing,com.gameloft.android.ANMP.GloftA8HM,Asphalt 8 - Car Racing Game,4.58401,11985480,285650,"500,000,000+",574308984,500000000,0,True,1785930343,9.1.0i
2026-09-08T11:03:50.365210+00:00,Adventure,com.mojang.minecraftpe,"Minecraft: Dream it, Build it!",4.309614,5821414,634679,"50,000,000+",96727162,50000000,6.99,False,1787164898,1.26.45.1
2026-09-08T11:03:50.365210+00:00,Adventure,com.roblox.client,Roblox,4.205888,51903497,3665106,"1,000,000,000+",1685493022,1000000000,0,True,1788455610,Varies with device
2026-09-08T11:03:50.365210+00:00,Adventure,com.innersloth.spacemafia,Among Us,3.9221535,13654270,529458,"500,000,000+",793678931,500000000,0,True,1786398116,2026.8.18
2026-09-08T11:03:50.365210+00:00,Puzzle,com.king.candycrushsodasaga,Candy Crush Soda Saga,4.574541,8852008,390297,"500,000,000+",624210991,500000000,0,True,1787911516,1.326.1
2026-09-08T11:03:50.365210+00:00,Puzzle,com.easybrain.sudoku.android,Sudoku.com - Sudoku Puzzle,4.735115,2481821,86336,"100,000,000+",107331923,100000000,0,True,1788549464,7.8.0
2026-09-08T11:03:50.365210+00:00,Puzzle,com.gramgames.mergedragons,Merge Dragons!,4.457603,1413908,146200,"50,000,000+",63753964,50000000,0,True,1788793520,13.14.0
2026-09-08T11:03:50.365210+00:00,Puzzle,com.easybrain.block.puzzle.games,Blockudoku®: Block Puzzle Game,4.61992,1292139,32929,"100,000,000+",122976276,100000000,0,True,1788447743,3.29.0
2026-09-08T11:03:50.365210+00:00,Casual,com.supercell.hayday,Hay Day,4.3712926,13101220,415131,"100,000,000+",371016602,100000000,0,True,1786968591,1.72.86
2026-09-08T11:03:50.365210+00:00,Casual,com.playrix.homescapes,Homescapes,4.727881,13365326,370786,"500,000,000+",521089632,500000000,0,True,1788451115,9.1.102
2026-09-08T11:03:50.365210+00:00,Casual,com.playrix.township,Township,4.691421,12872456,373759,"500,000,000+",519426129,500000000,0,True,1787913818,38.1.1
2026-09-08T11:03:50.365210+00:00,Strategy,com.supercell.clashofclans,Clash of Clans,4.522579,61329752,1969013,"500,000,000+",880406376,500000000,0,True,1787840822,18.600.1
2026-09-08T11:03:50.365210+00:00,Strategy,com.supercell.clashroyale,Clash Royale,4.4427204,41697786,971300,"500,000,000+",632283291,500000000,0,True,1787946890,160402002
2026-09-08T11:03:50.365210+00:00,Strategy,com.igg.android.lordsmobile,Lords Mobile x Transformers,4.485473,9169864,181357,"500,000,000+",627854815,500000000,0,True,1788233284,2.201
2026-09-08T11:03:50.365210+00:00,Strategy,com.supercell.boombeach,Boom Beach: War Strategy Game,4.4451694,6249481,289070,"100,000,000+",107854547,100000000,0,True,1786957130,62.100
2026-09-08T11:03:50.365210+00:00,Card,com.mobilityware.solitaire,Solitaire - Classic Card Games,4.5565276,1798442,204029,"100,000,000+",151817345,100000000,0,True,1787674641,9.7.0.6614
2026-09-08T11:03:50.365210+00:00,Casino,com.doubledown.casino,2 Down Casino,,,,500+,502,500,0,True,1782301205,1.0
2026-09-08T11:03:50.365210+00:00,Role Playing,com.garena.game.codm,Call of Duty®: Mobile - Garena,4.0704226,3929644,876,"50,000,000+",97502602,50000000,0,True,1788177120,1.6.57
2026-09-08T11:03:50.365210+00:00,Simulation,com.ea.games.simsfreeplay_row,The Sims™ FreePlay,4.6134453,5770383,65144,"100,000,000+",239146769,100000000,0,True,1787841647,117.1.280231
2026-09-08T11:03:50.365210+00:00,Simulation,com.outfit7.mytalkingtom2,My Talking Tom 2: Pet Game,4.2930183,6746880,51005,"1,000,000,000+",1122261838,1000000000,0,True,1788778304,Varies with device
2026-09-08T11:03:50.365210+00:00,Sports,com.ea.gp.fifamobile,EA SPORTS FC Soccer Mobile 26,4.610344,22846948,242438,"500,000,000+",794400234,500000000,0,True,1784864666,27.0.04
2026-09-08T11:03:50.365210+00:00,Board,com.king.farmheroessaga,Farm Heroes Saga,4.6393523,9820707,431311,"100,000,000+",432785352,100000000,0,True,1788199806,6.97.15
2026-09-08T11:03:50.365210+00:00,Trivia,com.scopely.wheeloffortune,Wheel of Fortune Official Game,4.6046805,425717,120319,"10,000,000+",29034586,10000000,0,True,1788282367,4.11
2026-09-08T11:03:50.365210+00:00,Trivia,com.etermax.preguntados.lite,Trivia Crack: Brain Quiz Games,4.466807,7860413,524467,"100,000,000+",267868784,100000000,0,True,1788811416,3.385.1
2026-09-08T11:03:50.365210+00:00,Word,com.zynga.words,Classic Words With Friends,4.249961,1679955,554849,"50,000,000+",55543479,50000000,0,True,1787600915,59.01.01
2026-09-09T11:08:40.158690+00:00,Action,com.pubg.imobile,BGMI: FPS Battle Royale,4.3672924,7579225,951,"100,000,000+",270592382,100000000,0,True,1783675936,4.5.0
2026-09-09T11:08:40.158690+00:00,Action,com.miHoYo.GenshinImpact,Genshin Impact,3.2715695,5225931,133424,"100,000,000+",144082801,100000000,0,True,,Varies with device
2026-09-09T11:08:40.158690+00:00,Action,com.dts.freefireth,Free Fire: 9th Anniversary,4.3419847,129583769,654687,"1,000,000,000+",2148316429,1000000000,0,True,1785824269,1.130.1
2026-09-09T11:08:40.158690+00:00,Action,com.activision.callofduty.shooter,Call of Duty®: Mobile,4.2592063,16552969,810600,"100,000,000+",424046518,100000000,0,True,1788210620,1.0.57
2026-09-09T11:08:40.158690+00:00,Action,com.epicgames.fortnite,Fortnite,4.6328926,497272,34666,"10,000,000+",35608702,10000000,0,True,1788211582,42.10.0-57566230-Android
2026-09-09T11:08:40.158690+00:00,Action,com.tencent.ig,PUBG MOBILE,4.3208604,48615313,860100,"1,000,000,000+",1110645191,1000000000,0,True,1787890096,4.6.0
2026-09-09T11:08:40.158690+00:00,Action,com.supercell.brawlstars,Brawl Stars,4.202321,26104958,327080,"500,000,000+",550986774,500000000,0,True,1788519695,69.252
2026-09-09T11:08:40.158690+00:00,Action,com.dts.freefiremax,Free Fire MAX,4.466738,31799441,69933,"500,000,000+",948500181,500000000,0,True,1785769209,2.131.1
2026-09-09T11:08:40.158690+00:00,Arcade,com.king.candycrushsaga,Candy Crush Saga,4.628683,38921397,2088993,"1,000,000,000+",2323273001,1000000000,0,True,1788871614,1.335.1.2
2026-09-09T11:08:40.158690+00:00,Arcade,air.com.hypah.io.slither,slither.io,3.9030077,6549331,302450,"500,000,000+",602991281,500000000,0,True,1762688138,Varies with device
2026-09-09T11:08:40.158690+00:00,Arcade,com.halfbrick.fruitninjafree,Fruit Ninja®,4.423129,5332818,212909,"500,000,000+",641004007,500000000,0,True,1787297220,3.97.6
2026-09-09T11:08:40.158690+00:00,Arcade,com.ketchapp.stack,Stack,4.1109543,445778,20913,"50,000,000+",70228486,50000000,0,True,1787818849,4.0.7
2026-09-09T11:08:40.158690+00:00,Arcade,com.halfbrick.jetpackjoyride,Jetpack Joyride,4.4442716,4756060,193273,"100,000,000+",292362278,100000000,0,True,1772404237,1.104.1
2026-09-09T11:08:40.158690+00:00,Arcade,com.imangi.templerun2,Temple Run 2,4.077462,9836610,371265,"1,000,000,000+",1234572871,1000000000,0,True,1788897727,1.135.1
2026-09-09T11:08:40.158690+00:00,Arcade,com.kiloo.subwaysurf,Subway Surfers,4.55009,41547265,1753428,"1,000,000,000+",2931303121,1000000000,0,True,1788766032,3.68.6
2026-09-09T11:08:40.158690+00:00,Racing,com.gameloft.android.ANMP.GloftA9HM,Asphalt Legends - Racing Game,4.348216,2861018,71897,"100,000,000+",165857634,100000000,0,True,1784894759,52.1.2a
2026-09-09T11:08:40.158690+00:00,Racing,com.miniclip.eightballpool,8 Ball Pool,4.791717,31723956,983909,"1,000,000,000+",1333326032,1000000000,0,True,1787931184,56.29.2
2026-09-09T11:08:40.158690+00:00,Racing,com.hutchgames.hillclimb,MMX Hill Dash,4.3558354,291180,17371,"10,000,000+",17488702,10000000,0,True,1759432506,2.01.14226
2026-09-09T11:08:40.158690+00:00,Racing,com.gameloft.android.ANMP.GloftA8HM,Asphalt 8 - Car Racing Game,4.584272,11987040,285654,"500,000,000+",574445852,500000000,0,True,1785930343,9.1.0i
2026-09-09T11:08:40.158690+00:00,Adventure,com.mojang.minecraftpe,"Minecraft: Dream it, Build it!",4.3098044,5822648,634694,"50,000,000+",96912681,50000000,6.99,False,1787164898,1.26.45.1
2026-09-09T11:08:40.158690+00:00,Adventure,com.roblox.client,Roblox,4.2060533,51923060,3665370,"1,000,000,000+",1687385280,1000000000,0,True,1788455610,Varies with device
2026-09-09T11:08:40.158690+00:00,Adventure,com.innersloth.spacemafia,Among Us,3.9223084,13655056,529479,"500,000,000+",794222820,500000000,0,True,1786398116,2026.8.18
2026-09-09T11:08:40.158690+00:00,Puzzle,com.king.candycrushsodasaga,Candy Crush Soda Saga,4.574717,8852317,390309,"500,000,000+",624210991,500000000,0,True,1787911516,1.326.1
2026-09-09T11:08:40.158690+00:00,Puzzle,com.easybrain.sudoku.android,Sudoku.com - Sudoku Puzzle,4.736219,2483487,86358,"100,000,000+",107387097,100000000,0,True,1788549464,7.8.0
2026-09-09T11:08:40.158690+00:00,Puzzle,com.gramgames.mergedragons,Merge Dragons!,4.4572644,1413947,146205,"50,000,000+",63771517,50000000,0,True,1788793520,13.14.0
2026-09-09T11:08:40.158690+00:00,Puzzle,com.easybrain.block.puzzle.games,Blockudoku®: Block Puzzle Game,4.6221757,1292561,32934,"100,000,000+",123010624,100000000,0,True,1788447743,3.30.0
2026-09-09T11:08:40.158690+00:00,Casual,com.supercell.hayday,Hay Day,4.371946,13102044,415137,"100,000,000+",371127515,100000000,0,True,1786968591,1.72.86
2026-09-09T11:08:40.158690+00:00,Casual,com.playrix.homescapes,Homescapes,4.728069,13366614,370794,"500,000,000+",521143314,500000000,0,True,1788451115,9.1.102
2026-09-09T11:08:40.158690+00:00,Casual,com.playrix.township,Township,4.6918907,12875617,373796,"500,000,000+",519693693,500000000,0,True,1787913818,38.1.1
2026-09-09T11:08:40.158690+00:00,Strategy,com.supercell.clashofclans,Clash of Clans,4.522715,61329759,1968999,"500,000,000+",880641303,500000000,0,True,1788871046,18.600.5
2026-09-09T11:08:40.158690+00:00,Strategy,com.supercell.clashroyale,Clash Royale,4.4420166,41704256,971334,"500,000,000+",632431867,500000000,0,True,1787946890,160402002
2026-09-09T11:08:40.158690+00:00,Strategy,com.igg.android.lordsmobile,Lords Mobile x Transformers,4.485607,9170458,181367,"500,000,000+",628047316,500000000,0,True,1788233284,2.201
2026-09-09T11:08:40.158690+00:00,Strategy,com.supercell.boombeach,Boom Beach: War Strategy Game,4.445389,6249620,289072,"100,000,000+",107860299,100000000,0,True,1786957130,62.100
2026-09-09T11:08:40.158690+00:00,Card,com.mobilityware.solitaire,Solitaire - Classic Card Games,4.556687,1798501,204031,"100,000,000+",151817345,100000000,0,True,1787674641,9.7.0.6614
2026-09-09T11:08:40.158690+00:00,Casino,com.doubledown.casino,2 Down Casino,,,,500+,503,500,0,True,1782301205,1.0
2026-09-09T11:08:40.158690+00:00,Role Playing,com.garena.game.codm,Call of Duty®: Mobile - Garena,4.0704226,3929958,876,"50,000,000+",97502602,50000000,0,True,1788177120,1.6.57
2026-09-09T11:08:40.158690+00:00,Simulation,com.ea.games.simsfreeplay_row,The Sims™ FreePlay,4.6134453,5770524,65144,"100,000,000+",239170238,100000000,0,True,1787841647,117.1.280231
2026-09-09T11:08:40.158690+00:00,Simulation,com.outfit7.mytalkingtom2,My Talking Tom 2: Pet Game,4.292879,6747337,51006,"1,000,000,000+",1122633487,1000000000,0,True,1788778304,Varies with device
2026-09-09T11:08:40.158690+00:00,Sports,com.ea.gp.fifamobile,EA SPORTS FC Soccer Mobile 26,4.6119213,22861942,242490,"500,000,000+",794400234,500000000,0,True,1784864666,27.0.04
2026-09-09T11:08:40.158690+00:00,Board,com.king.farmheroessaga,Farm Heroes Saga,4.639281,9820860,431318,"100,000,000+",432785352,100000000,0,True,1788199806,6.97.15
2026-09-09T11:08:40.158690+00:00,Trivia,com.scopely.wheeloffortune,Wheel of Fortune Official Game,4.605087,425723,120320,"10,000,000+",29037074,10000000,0,True,1788896015,4.11.1
2026-09-09T11:08:40.158690+00:00,Trivia,com.etermax.preguntados.lite,Trivia Crack: Brain Quiz Games,4.466622,7860556,524469,"100,000,000+",267882621,100000000,0,True,1788811416,3.385.1
2026-09-09T11:08:40.158690+00:00,Word,com.zynga.words,Classic Words With Friends,4.2498446,1679956,554850,"50,000,000+",55543479,50000000,0,True,1787600915,59.01.01
2026-09-10T11:05:24.037308+00:00,Action,com.pubg.imobile,BGMI: FPS Battle Royale,4.3672924,7581411,951,"100,000,000+",270592382,100000000,0,True,1783675936,4.5.0
2026-09-10T11:05:24.037308+00:00,Action,com.miHoYo.GenshinImpact,Genshin Impact,3.2717738,5226243,133433,"100,000,000+",144168436,100000000,0,True,,Varies with device
2026-09-10T11:05:24.037308+00:00,Action,com.dts.freefireth,Free Fire: 9th Anniversary,4.342015,129584535,654683,"1,000,000,000+",2148316429,1000000000,0,True,1785824269,1.130.1
2026-09-10T11:05:24.037308+00:00,Action,com.activision.callofduty.shooter,Call of Duty®: Mobile,4.259306,16554180,810623,"100,000,000+",424256212,100000000,0,True,1788210620,1.0.57
2026-09-10T11:05:24.037308+00:00,Action,com.epicgames.fortnite,Fortnite,4.6336646,497904,34684,"10,000,000+",35831379,10000000,0,True,1788546475,42.10.0-57762904-Android
2026-09-10T11:05:24.037308+00:00,Action,com.tencent.ig,PUBG MOBILE,4.321265,48629817,860167,"1,000,000,000+",1110645191,1000000000,0,True,1787890096,4.6.0
2026-09-10T11:05:24.037308+00:00,Action,com.supercell.brawlstars,Brawl Stars,4.202519,26106878,327106,"500,000,000+",550986774,500000000,0,True,1788519695,69.252
2026-09-10T11:05:24.037308+00:00,Action,com.dts.freefiremax,Free Fire MAX,4.465868,31807266,69942,"500,000,000+",948500181,500000000,0,True,1785769209,2.131.1
2026-09-10T11:05:24.037308+00:00,Arcade,com.king.candycrushsaga,Candy Crush Saga,4.628541,38923021,2089065,"1,000,000,000+",2324779073,1000000000,0,True,1788871614,1.335.1.2
2026-09-10T11:05:24.037308+00:00,Arcade,air.com.hypah.io.slither,slither.io,3.9030106,6549373,302449,"500,000,000+",603067367,500000000,0,True,1762688138,Varies with device
2026-09-10T11:05:24.037308+00:00,Arcade,com.halfbrick.fruitninjafree,Fruit Ninja®,4.4229393,5332918,212915,"500,000,000+",641004007,500000000,0,True,1789014295,3.97.6
2026-09-10T11:05:24.037308+00:00,Arcade,com.ketchapp.stack,Stack,4.1118956,445796,20914,"50,000,000+",70237542,50000000,0,True,1787818849,4.0.7
2026-09-10T11:05:24.037308+00:00,Arcade,com.halfbrick.jetpackjoyride,Jetpack Joyride,4.444723,4756070,193276,"100,000,000+",292370892,100000000,0,True,1772404237,1.104.1
2026-09-10T11:05:24.037308+00:00,Arcade,com.imangi.templerun2,Temple Run 2,4.07779,9836773,371268,"1,000,000,000+",1234572871,1000000000,0,True,1788897727,1.135.1
2026-09-10T11:05:24.037308+00:00,Arcade,com.kiloo.subwaysurf,Subway Surfers,4.550185,41548691,1753446,"1,000,000,000+",2931303121,1000000000,0,True,1788766032,3.68.6
2026-09-10T11:05:24.037308+00:00,Racing,com.gameloft.android.ANMP.GloftA9HM,Asphalt Legends - Racing Game,4.3481555,2861116,71900,"100,000,000+",165857634,100000000,0,True,1784894759,52.1.2a
2026-09-10T11:05:24.037308+00:00,Racing,com.miniclip.eightballpool,8 Ball Pool,4.7918344,31729844,983952,"1,000,000,000+",1333326032,1000000000,0,True,1787931184,56.29.2
2026-09-10T11:05:24.037308+00:00,Racing,com.hutchgames.hillclimb,MMX Hill Dash,4.3558354,291180,17371,"10,000,000+",17488856,10000000,0,True,1759432506,2.01.14226
2026-09-10T11:05:24.037308+00:00,Racing,com.gameloft.android.ANMP.GloftA8HM,Asphalt 8 - Car Racing Game,4.584276,11987977,285658,"500,000,000+",574445852,500000000,0,True,1785930343,9.1.0i
2026-09-10T11:05:24.037308+00:00,Adventure,com.mojang.minecraftpe,"Minecraft: Dream it, Build it!",4.3099003,5823717,634704,"50,000,000+",96912681,50000000,6.99,False,1787164898,1.26.45.1
2026-09-10T11:05:24.037308+00:00,Adventure,com.roblox.client,Roblox,4.2063303,51955490,3665654,"1,000,000,000+",1688132293,1000000000,0,True,1788994560,Varies with device
2026-09-10T11:05:24.037308+00:00,Adventure,com.innersloth.spacemafia,Among Us,3.922444,13655660,529493,"500,000,000+",794222820,500000000,0,True,1786398116,2026.8.18
2026-09-10T11:05:24.037308+00:00,Puzzle,com.king.candycrushsodasaga,Candy Crush Soda Saga,4.574779,8852478,390321,"500,000,000+",624384097,500000000,0,True,1787911516,1.326.1
2026-09-10T11:05:24.037308+00:00,Puzzle,com.easybrain.sudoku.android,Sudoku.com - Sudoku Puzzle,4.7362595,2484760,86370,"100,000,000+",107474074,100000000,0,True,1788549464,7.8.0
2026-09-10T11:05:24.037308+00:00,Puzzle,com.gramgames.mergedragons,Merge Dragons!,4.457194,1413973,146209,"50,000,000+",63771517,50000000,0,True,1788793520,13.14.1
2026-09-10T11:05:24.037308+00:00,Puzzle,com.easybrain.block.puzzle.games,Blockudoku®: Block Puzzle Game,4.6230764,1292865,32937,"100,000,000+",123010624,100000000,0,True,1788447743,3.30.0
2026-09-10T11:05:24.037308+00:00,Casual,com.supercell.hayday,Hay Day,4.372112,13102650,415139,"100,000,000+",371127515,100000000,0,True,1786968591,1.72.86
2026-09-10T11:05:24.037308+00:00,Casual,com.playrix.homescapes,Homescapes,4.7281294,13367549,370808,"500,000,000+",521143314,500000000,0,True,1788451115,9.1.102
2026-09-10T11:05:24.037308+00:00,Casual,com.playrix.township,Township,4.692353,12877743,373822,"500,000,000+",519790619,500000000,0,True,1787913818,38.1.1
2026-09-10T11:05:24.037308+00:00,Strategy,com.supercell.clashofclans,Clash of Clans,4.522744,61329477,1968985,"500,000,000+",880641303,500000000,0,True,1788871046,18.600.5
2026-09-10T11:05:24.037308+00:00,Strategy,com.supercell.clashroyale,Clash Royale,4.4422364,41708641,971367,"500,000,000+",632431867,500000000,0,True,1787946890,160402002
2026-09-10T11:05:24.037308+00:00,Strategy,com.igg.android.lordsmobile,Lords Mobile x Transformers,4.485628,9170875,181380,"500,000,000+",628047316,500000000,0,True,1788233284,2.201
2026-09-10T11:05:24.037308+00:00,Strategy,com.supercell.boombeach,Boom Beach: War Strategy Game,4.445092,6249748,289074,"100,000,000+",107860299,100000000,0,True,1786957130,62.100
2026-09-10T11:05:24.037308+00:00,Card,com.mobilityware.solitaire,Solitaire - Classic Card Games,4.5572543,1798550,204033,"100,000,000+",151831744,100000000,0,True,1787674641,9.7.0.6614
2026-09-10T11:05:24.037308+00:00,Casino,com.doubledown.casino,2 Down Casino,,,,500+,507,500,0,True,1782301205,1.0
2026-09-10T11:05:24.037308+00:00,Role Playing,com.garena.game.codm,Call of Duty®: Mobile - Garena,4.0704226,3930098,876,"50,000,000+",97545831,50000000,0,True,1788177120,1.6.57
2026-09-10T11:05:24.037308+00:00,Simulation,com.ea.games.simsfreeplay_row,The Sims™ FreePlay,4.6134453,5770615,65144,"100,000,000+",239189570,100000000,0,True,1787841647,117.1.280231
2026-09-10T11:05:24.037308+00:00,Simulation,com.outfit7.mytalkingtom2,My Talking Tom 2: Pet Game,4.292726,6747652,51006,"1,000,000,000+",1122633487,1000000000,0,True,1788778304,Varies with device
2026-09-10T11:05:24.037308+00:00,Sports,com.ea.gp.fifamobile,EA SPORTS FC Soccer Mobile 26,4.61203,22872162,242524,"500,000,000+",795334534,500000000,0,True,1784864666,27.0.04
2026-09-10T11:05:24.037308+00:00,Board,com.king.farmheroessaga,Farm Heroes Saga,4.6391287,9820972,431322,"100,000,000+",432901715,100000000,0,True,1788199806,6.97.15
2026-09-10T11:05:24.037308+00:00,Trivia,com.scopely.wheeloffortune,Wheel of Fortune Official Game,4.605129,425724,120321,"10,000,000+",29038205,10000000,0,True,1788896015,4.11.1
2026-09-10T11:05:24.037308+00:00,Trivia,com.etermax.preguntados.lite,Trivia Crack: Brain Quiz Games,4.466653,7860660,524470,"100,000,000+",267901065,100000000,0,True,1788985934,3.386.0
2026-09-10T11:05:24.037308+00:00,Word,com.zynga.words,Classic Words With Friends,4.2492995,1679960,554853,"50,000,000+",55543479,50000000,0,True,1787600915,59.01.01
2026-09-11T11:04:03.237695+00:00,Action,com.pubg.imobile,BGMI: FPS Battle Royale,4.3672924,7583272,951,"100,000,000+",270944775,100000000,0,True,1783675936,4.5.0
2026-09-11T11:04:03.237695+00:00,Action,com.miHoYo.GenshinImpact,Genshin Impact,3.2715933,5226572,133431,"100,000,000+",144268929,100000000,0,True,,Varies with device
2026-09-11T11:04:03.237695+00:00,Action,com.dts.freefireth,Free Fire: 9th Anniversary,4.3420672,129581017,654668,"1,000,000,000+",2150202931,1000000000,0,True,1785824269,1.130.1
2026-09-11T11:04:03.237695+00:00,Action,com.activision.callofduty.shooter,Call of Duty®: Mobile,4.259347,16555490,810632,"100,000,000+",424675908,100000000,0,True,1788210620,1.0.57
2026-09-11T11:04:03.237695+00:00,Action,com.epicgames.fortnite,Fortnite,4.632894,498419,34708,"10,000,000+",36046301,10000000,0,True,1788546475,42.10.0-57762904-Android
2026-09-11T11:04:03.237695+00:00,Action,com.tencent.ig,PUBG MOBILE,4.3211155,48638856,860178,"1,000,000,000+",1110645191,1000000000,0,True,1787890096,4.6.0
2026-09-11T11:04:03.237695+00:00,Action,com.supercell.brawlstars,Brawl Stars,4.202573,26108352,327127,"500,000,000+",551443506,500000000,0,True,1788519695,69.252
2026-09-11T11:04:03.237695+00:00,Action,com.dts.freefiremax,Free Fire MAX,4.4660034,31813402,69949,"500,000,000+",950168366,500000000,0,True,1785769209,2.131.1
2026-09-11T11:04:03.237695+00:00,Arcade,com.king.candycrushsaga,Candy Crush Saga,4.6285744,38923279,2089029,"1,000,000,000+",2327414301,1000000000,0,True,1788871614,1.335.1.2
2026-09-11T11:04:03.237695+00:00,Arcade,air.com.hypah.io.slither,slither.io,3.9031076,6549217,302448,"500,000,000+",603067367,500000000,0,True,1762688138,Varies with device
2026-09-11T11:04:03.237695+00:00,Arcade,com.halfbrick.fruitninjafree,Fruit Ninja®,4.4200172,5332514,212899,"500,000,000+",641200529,500000000,0,True,1789014295,3.97.6
2026-09-11T11:04:03.237695+00:00,Arcade,com.ketchapp.stack,Stack,4.1117773,445802,20914,"50,000,000+",70237542,50000000,0,True,1787818849,4.0.7
2026-09-11T11:04:03.237695+00:00,Arcade,com.halfbrick.jetpackjoyride,Jetpack Joyride,4.444867,4755694,193254,"100,000,000+",292394660,100000000,0,True,1772404237,1.104.1
2026-09-11T11:04:03.237695+00:00,Arcade,com.imangi.templerun2,Temple Run 2,4.077766,9836271,371236,"1,000,000,000+",1235344984,1000000000,0,True,1788897727,1.135.1
2026-09-11T11:04:03.237695+00:00,Arcade,com.kiloo.subwaysurf,Subway Surfers,4.5501833,41547276,1753347,"1,000,000,000+",2932927158,1000000000,0,True,1788766032,3.68.6
2026-09-11T11:04:03.237695+00:00,Racing,com.gameloft.android.ANMP.GloftA9HM,Asphalt Legends - Racing Game,4.3482885,2861175,71898,"100,000,000+",165857634,100000000,0,True,1784894759,52.1.2a
2026-09-11T11:04:03.237695+00:00,Racing,com.miniclip.eightballpool,8 Ball Pool,4.7917485,31733142,983966,"1,000,000,000+",1334151308,1000000000,0,True,1787931184,56.29.2
2026-09-11T11:04:03.237695+00:00,Racing,com.hutchgames.hillclimb,MMX Hill Dash,4.3558354,291177,17372,"10,000,000+",17488856,10000000,0,True,1759432506,2.01.14226
2026-09-11T11:04:03.237695+00:00,Racing,com.gameloft.android.ANMP.GloftA8HM,Asphalt 8 - Car Racing Game,4.584453,11988368,285648,"500,000,000+",574445852,500000000,0,True,1785930343,9.1.0i
2026-09-11T11:04:03.237695+00:00,Adventure,com.mojang.minecraftpe,"Minecraft: Dream it, Build it!",4.3100867,5824649,634707,"50,000,000+",97132476,50000000,6.99,False,1787164898,1.26.45.1
2026-09-11T11:04:03.237695+00:00,Adventure,com.roblox.client,Roblox,4.206705,52002720,3665933,"1,000,000,000+",1691618158,1000000000,0,True,1788994560,Varies with device
2026-09-11T11:04:03.237695+00:00,Adventure,com.innersloth.spacemafia,Among Us,3.9224944,13656129,529497,"500,000,000+",794831129,500000000,0,True,1786398116,2026.8.18
2026-09-11T11:04:03.237695+00:00,Puzzle,com.king.candycrushsodasaga,Candy Crush Soda Saga,4.574869,8852273,390321,"500,000,000+",624637374,500000000,0,True,1787911516,1.326.1
2026-09-11T11:04:03.237695+00:00,Puzzle,com.easybrain.sudoku.android,Sudoku.com - Sudoku Puzzle,4.7362943,2485640,86376,"100,000,000+",107474074,100000000,0,True,1788549464,7.8.0
2026-09-11T11:04:03.237695+00:00,Puzzle,com.gramgames.mergedragons,Merge Dragons!,4.457207,1413993,146213,"50,000,000+",63786282,50000000,0,True,1788793520,13.14.1
2026-09-11T11:04:03.237695+00:00,Puzzle,com.easybrain.block.puzzle.games,Blockudoku®: Block Puzzle Game,4.6236997,1293035,32941,"100,000,000+",123041810,100000000,0,True,1788447743,3.30.0
2026-09-11T11:04:03.237695+00:00,Casual,com.supercell.hayday,Hay Day,4.3721676,13102380,415124,"100,000,000+",371127515,100000000,0,True,1786968591,1.72.86
2026-09-11T11:04:03.237695+00:00,Casual,com.playrix.homescapes,Homescapes,4.7282233,13368138,370818,"500,000,000+",521272889,500000000,0,True,1788451115,9.1.102
2026-09-11T11:04:03.237695+00:00,Casual,com.playrix.township,Township,4.6923337,12879013,373846,"500,000,000+",520165834,500000000,0,True,1787913818,38.1.1
2026-09-11T11:04:03.237695+00:00,Strategy,com.supercell.clashofclans,Clash of Clans,4.5224504,61335021,1969107,"500,000,000+",881030715,500000000,0,True,1788871046,18.600.5
2026-09-11T11:04:03.237695+00:00,Strategy,com.supercell.clashroyale,Clash Royale,4.442159,41711222,971370,"500,000,000+",632708427,500000000,0,True,1789044207,160402002
2026-09-11T11:04:03.237695+00:00,Strategy,com.igg.android.lordsmobile,Lords Mobile x Transformers,4.484663,9171027,181384,"500,000,000+",628281897,500000000,0,True,1788233284,2.201
2026-09-11T11:04:03.237695+00:00,Strategy,com.supercell.boombeach,Boom Beach: War Strategy Game,4.445004,6249623,289071,"100,000,000+",107870643,100000000,0,True,1786957130,62.100
2026-09-11T11:04:03.237695+00:00,Card,com.mobilityware.solitaire,Solitaire - Classic Card Games,4.5572524,1798506,204022,"100,000,000+",151831744,100000000,0,True,1787674641,9.7.0.6614
2026-09-11T11:04:03.237695+00:00,Casino,com.doubledown.casino,2 Down Casino,,,,500+,508,500,0,True,1782301205,1.0
2026-09-11T11:04:03.237695+00:00,Role Playing,com.garena.game.codm,Call of Duty®: Mobile - Garena,4.0704226,3930519,877,"50,000,000+",97647257,50000000,0,True,1788177120,1.6.57
2026-09-11T11:04:03.237695+00:00,Simulation,com.ea.games.simsfreeplay_row,The Sims™ FreePlay,4.6134453,5770419,65139,"100,000,000+",239202695,100000000,0,True,1787841647,117.1.280231
2026-09-11T11:04:03.237695+00:00,Simulation,com.outfit7.mytalkingtom2,My Talking Tom 2: Pet Game,4.2923684,6747801,51006,"1,000,000,000+",1122633487,1000000000,0,True,1788778304,Varies with device
2026-09-11T11:04:03.237695+00:00,Sports,com.ea.gp.fifamobile,EA SPORTS FC Soccer Mobile 26,4.611572,22878722,242556,"500,000,000+",796237677,500000000,0,True,1784864666,27.0.04
2026-09-11T11:04:03.237695+00:00,Board,com.king.farmheroessaga,Farm Heroes Saga,4.6391144,9820535,431304,"100,000,000+",433038951,100000000,0,True,1788199806,6.97.15
2026-09-11T11:04:03.237695+00:00,Trivia,com.scopely.wheeloffortune,Wheel of Fortune Official Game,4.605032,425724,120322,"10,000,000+",29038205,10000000,0,True,1788896015,4.11.1
2026-09-11T11:04:03.237695+00:00,Trivia,com.etermax.preguntados.lite,Trivia Crack: Brain Quiz Games,4.4662743,7860376,524443,"100,000,000+",267939837,100000000,0,True,1788985934,3.386.0
2026-09-11T11:04:03.237695+00:00,Word,com.zynga.words,Classic Words With Friends,4.248483,1679831,554815,"50,000,000+",55543479,50000000,0,True,1787600915,59.01.01
2026-09-12T10:32:58.754613+00:00,Action,com.pubg.imobile,BGMI: FPS Battle Royale,4.3672924,7585310,951,"100,000,000+",270944775,100000000,0,True,1783675936,4.5.0
2026-09-12T10:32:58.754613+00:00,Action,com.miHoYo.GenshinImpact,Genshin Impact,3.27207,5226856,133435,"100,000,000+",144268929,100000000,0,True,,Varies with device
2026-09-12T10:32:58.754613+00:00,Action,com.dts.freefireth,Free Fire: 9th Anniversary,4.3419566,129608237,654801,"1,000,000,000+",2150202931,1000000000,0,True,1785824269,1.130.1
2026-09-12T10:32:58.754613+00:00,Action,com.activision.callofduty.shooter,Call of Duty®: Mobile,4.259228,16556752,810639,"100,000,000+",424675908,100000000,0,True,1788210620,1.0.57
2026-09-12T10:32:58.754613+00:00,Action,com.epicgames.fortnite,Fortnite,4.6325026,499168,34729,"10,000,000+",36046301,10000000,0,True,1788546475,42.10.0-57762904-Android
2026-09-12T10:32:58.754613+00:00,Action,com.tencent.ig,PUBG MOBILE,4.320474,48643513,860174,"1,000,000,000+",1111428459,1000000000,0,True,1787890096,4.6.0
2026-09-12T10:32:58.754613+00:00,Action,com.supercell.brawlstars,Brawl Stars,4.2024226,26109775,327140,"500,000,000+",551443506,500000000,0,True,1788519695,69.252
2026-09-12T10:32:58.754613+00:00,Action,com.dts.freefiremax,Free Fire MAX,4.4664407,31820700,69961,"500,000,000+",950168366,500000000,0,True,1785769209,2.131.1
2026-09-12T10:32:58.754613+00:00,Arcade,com.king.candycrushsaga,Candy Crush Saga,4.6285663,38924061,2089027,"1,000,000,000+",2327414301,1000000000,0,True,1788871614,1.335.1.2
2026-09-12T10:32:58.754613+00:00,Arcade,air.com.hypah.io.slither,slither.io,3.9032638,6549134,302447,"500,000,000+",603215698,500000000,0,True,1762688138,Varies with device
2026-09-12T10:32:58.754613+00:00,Arcade,com.halfbrick.fruitninjafree,Fruit Ninja®,4.415593,5332298,212891,"500,000,000+",641200529,500000000,0,True,1789014295,3.97.6
2026-09-12T10:32:58.754613+00:00,Arcade,com.ketchapp.stack,Stack,4.1141343,445821,20915,"50,000,000+",70249706,50000000,0,True,1787818849,4.0.7
2026-09-12T10:32:58.754613+00:00,Arcade,com.halfbrick.jetpackjoyride,Jetpack Joyride,4.445059,4755469,193246,"100,000,000+",292394660,100000000,0,True,1772404237,1.104.1
2026-09-12T10:32:58.754613+00:00,Arcade,com.imangi.templerun2,Temple Run 2,4.077906,9835977,371223,"1,000,000,000+",1235344984,1000000000,0,True,1788897727,1.135.1
2026-09-12T10:32:58.754613+00:00,Arcade,com.kiloo.subwaysurf,Subway Surfers,4.5501795,41546804,1753294,"1,000,000,000+",2932927158,1000000000,0,True,1788766032,3.68.6
2026-09-12T10:32:58.754613+00:00,Racing,com.gameloft.android.ANMP.GloftA9HM,Asphalt Legends - Racing Game,4.3482456,2861226,71899,"100,000,000+",165972690,100000000,0,True,1784894759,52.1.2a
2026-09-12T10:32:58.754613+00:00,Racing,com.miniclip.eightballpool,8 Ball Pool,4.7919765,31736988,983990,"1,000,000,000+",1334151308,1000000000,0,True,1787931184,56.29.2
2026-09-12T10:32:58.754613+00:00,Racing,com.hutchgames.hillclimb,MMX Hill Dash,4.356633,291173,17371,"10,000,000+",17489176,10000000,0,True,1759432506,2.01.14226
2026-09-12T10:32:58.754613+00:00,Racing,com.gameloft.android.ANMP.GloftA8HM,Asphalt 8 - Car Racing Game,4.5843115,11988983,285651,"500,000,000+",574749883,500000000,0,True,1785930343,9.1.0i
2026-09-12T10:32:58.754613+00:00,Adventure,com.mojang.minecraftpe,"Minecraft: Dream it, Build it!",4.310167,5825571,634718,"50,000,000+",97132476,50000000,6.99,False,1787164898,1.26.45.1
2026-09-12T10:32:58.754613+00:00,Adventure,com.roblox.client,Roblox,4.208061,52063438,3666123,"1,000,000,000+",1691618158,1000000000,0,True,1788994560,Varies with device
2026-09-12T10:32:58.754613+00:00,Adventure,com.innersloth.spacemafia,Among Us,3.9224858,13656517,529505,"500,000,000+",794831129,500000000,0,True,1786398116,2026.8.18
2026-09-12T10:32:58.754613+00:00,Puzzle,com.king.candycrushsodasaga,Candy Crush Soda Saga,4.574918,8852234,390320,"500,000,000+",624637374,500000000,0,True,1787911516,1.326.1
2026-09-12T10:32:58.754613+00:00,Puzzle,com.easybrain.sudoku.android,Sudoku.com - Sudoku Puzzle,4.7368016,2486580,86381,"100,000,000+",107626923,100000000,0,True,1788549464,7.8.0
2026-09-12T10:32:58.754613+00:00,Puzzle,com.gramgames.mergedragons,Merge Dragons!,4.457085,1414007,146218,"50,000,000+",63786282,50000000,0,True,1788793520,13.14.1
2026-09-12T10:32:58.754613+00:00,Puzzle,com.easybrain.block.puzzle.games,Blockudoku®: Block Puzzle Game,4.623616,1293212,32942,"100,000,000+",123041810,100000000,0,True,1788447743,3.30.0
2026-09-12T10:32:58.754613+00:00,Casual,com.supercell.hayday,Hay Day,4.3729444,13102365,415113,"100,000,000+",371349453,100000000,0,True,1786968591,1.72.86
2026-09-12T10:32:58.754613+00:00,Casual,com.playrix.homescapes,Homescapes,4.7282324,13368683,370828,"500,000,000+",521272889,500000000,0,True,1788451115,9.1.102
2026-09-12T10:32:58.754613+00:00,Casual,com.playrix.township,Township,4.692241,12880221,373893,"500,000,000+",520165834,500000000,0,True,1787913818,38.1.1
2026-09-12T10:32:58.754613+00:00,Strategy,com.supercell.clashofclans,Clash of Clans,4.522654,61342332,1969198,"500,000,000+",881030715,500000000,0,True,1788871046,18.600.5
2026-09-12T10:32:58.754613+00:00,Strategy,com.supercell.clashroyale,Clash Royale,4.4422836,41714068,971384,"500,000,000+",632708427,500000000,0,True,1789044207,160402002
2026-09-12T10:32:58.754613+00:00,Strategy,com.igg.android.lordsmobile,Lords Mobile x Transformers,4.4844785,9171216,181391,"500,000,000+",628281897,500000000,0,True,1788233284,2.201
2026-09-12T10:32:58.754613+00:00,Strategy,com.supercell.boombeach,Boom Beach: War Strategy Game,4.4451694,6249560,289068,"100,000,000+",107870643,100000000,0,True,1786957130,62.100
2026-09-12T10:32:58.754613+00:00,Card,com.mobilityware.solitaire,Solitaire - Classic Card Games,4.5574017,1798503,204013,"100,000,000+",151851391,100000000,0,True,1787674641,9.7.0.6614
2026-09-12T10:32:58.754613+00:00,Casino,com.doubledown.casino,2 Down Casino,,,,500+,509,500,0,True,1782301205,1.0
2026-09-12T10:32:58.754613+00:00,Role Playing,com.garena.game.codm,Call of Duty®: Mobile - Garena,4.093897,3930815,878,"50,000,000+",97647257,50000000,0,True,1788177120,1.6.57
2026-09-12T10:32:58.754613+00:00,Simulation,com.ea.games.simsfreeplay_row,The Sims™ FreePlay,4.6134453,5770312,65136,"100,000,000+",239253341,100000000,0,True,1787841647,117.1.280231
2026-09-12T10:32:58.754613+00:00,Simulation,com.outfit7.mytalkingtom2,My Talking Tom 2: Pet Game,4.2924466,6748061,51006,"1,000,000,000+",1123804349,1000000000,0,True,1788778304,Varies with device
2026-09-12T10:32:58.754613+00:00,Sports,com.ea.gp.fifamobile,EA SPORTS FC Soccer Mobile 26,4.6111507,22886830,242587,"500,000,000+",796237677,500000000,0,True,1784864666,27.0.04
2026-09-12T10:32:58.754613+00:00,Board,com.king.farmheroessaga,Farm Heroes Saga,4.6392007,9820269,431295,"100,000,000+",433038951,100000000,0,True,1788199806,6.97.15
2026-09-12T10:32:58.754613+00:00,Trivia,com.scopely.wheeloffortune,Wheel of Fortune Official Game,4.605182,425726,120326,"10,000,000+",29042973,10000000,0,True,1788896015,4.11.1
2026-09-12T10:32:58.754613+00:00,Trivia,com.etermax.preguntados.lite,Trivia Crack by The Floor,4.4660535,7860209,524423,"100,000,000+",267939837,100000000,0,True,1788985934,3.386.0
2026-09-12T10:32:58.754613+00:00,Word,com.zynga.words,Classic Words With Friends,4.2490273,1679748,554791,"50,000,000+",55543479,50000000,0,True,1787600915,59.01.01
2026-09-13T11:35:52.597649+00:00,Action,com.pubg.imobile,BGMI: FPS Battle Royale,4.3672924,7587361,951,"100,000,000+",270944775,100000000,0,True,1783675936,4.5.0
2026-09-13T11:35:52.597649+00:00,Action,com.miHoYo.GenshinImpact,Genshin Impact,3.2730343,5226707,133442,"100,000,000+",144268929,100000000,0,True,,Varies with device
2026-09-13T11:35:52.597649+00:00,Action,com.dts.freefireth,Free Fire: 9th Anniversary,4.3418555,129684460,655110,"1,000,000,000+",2150202931,1000000000,0,True,1785824269,1.130.1
2026-09-13T11:35:52.597649+00:00,Action,com.activision.callofduty.shooter,Call of Duty®: Mobile,4.259182,16557755,810665,"100,000,000+",424675908,100000000,0,True,1788210620,1.0.57
2026-09-13T11:35:52.597649+00:00,Action,com.epicgames.fortnite,Fortnite,4.6331935,499920,34764,"10,000,000+",36046301,10000000,0,True,1788546475,42.10.0-57762904-Android
2026-09-13T11:35:52.597649+00:00,Action,com.tencent.ig,PUBG MOBILE,4.3203974,48648058,860184,"1,000,000,000+",1111428459,1000000000,0,True,1787890096,4.6.0
2026-09-13T11:35:52.597649+00:00,Action,com.supercell.brawlstars,Brawl Stars,4.201751,26111981,327177,"500,000,000+",551443506,500000000,0,True,1788519695,69.252
2026-09-13T11:35:52.597649+00:00,Action,com.dts.freefiremax,Free Fire MAX,4.4664335,31829992,69979,"500,000,000+",950168366,500000000,0,True,1785769209,2.131.1
2026-09-13T11:35:52.597649+00:00,Arcade,com.king.candycrushsaga,Candy Crush Saga,4.628584,38926038,2089121,"1,000,000,000+",2327414301,1000000000,0,True,1788871614,1.335.1.2
2026-09-13T11:35:52.597649+00:00,Arcade,air.com.hypah.io.slither,slither.io,3.9031782,6549169,302447,"500,000,000+",603215698,500000000,0,True,1762688138,Varies with device
2026-09-13T11:35:52.597649+00:00,Arcade,com.halfbrick.fruitninjafree,Fruit Ninja®,4.411264,5332448,212897,"500,000,000+",641200529,500000000,0,True,1789014295,3.97.6
2026-09-13T11:35:52.597649+00:00,Arcade,com.ketchapp.stack,Stack,4.114286,445840,20915,"50,000,000+",70249706,50000000,0,True,1787818849,4.0.7
2026-09-13T11:35:52.597649+00:00,Arcade,com.halfbrick.jetpackjoyride,Jetpack Joyride,4.4448185,4755487,193247,"100,000,000+",292394660,100000000,0,True,1772404237,1.104.1
2026-09-13T11:35:52.597649+00:00,Arcade,com.imangi.templerun2,Temple Run 2,4.077438,9836134,371225,"1,000,000,000+",1235344984,1000000000,0,True,1788897727,1.135.1
2026-09-13T11:35:52.597649+00:00,Arcade,com.kiloo.subwaysurf,Subway Surfers,4.5501194,41548223,1753325,"1,000,000,000+",2932927158,1000000000,0,True,1788766032,3.68.6
2026-09-13T11:35:52.597649+00:00,Racing,com.gameloft.android.ANMP.GloftA9HM,Asphalt Legends - Racing Game,4.3483963,2861294,71901,"100,000,000+",165972690,100000000,0,True,1784894759,52.1.2a
2026-09-13T11:35:52.597649+00:00,Racing,com.miniclip.eightballpool,8 Ball Pool,4.7920294,31741410,984029,"1,000,000,000+",1334151308,1000000000,0,True,1787931184,56.29.2
2026-09-13T11:35:52.597649+00:00,Racing,com.hutchgames.hillclimb,MMX Hill Dash,4.356633,291173,17371,"10,000,000+",17489176,10000000,0,True,1759432506,2.01.14226
2026-09-13T11:35:52.597649+00:00,Racing,com.gameloft.android.ANMP.GloftA8HM,Asphalt 8 - Car Racing Game,4.584372,11990067,285656,"500,000,000+",574749883,500000000,0,True,1785930343,9.1.0i
2026-09-13T11:35:52.597649+00:00,Adventure,com.mojang.minecraftpe,"Minecraft: Dream it, Build it!",4.310106,5826911,634745,"50,000,000+",97132476,50000000,6.99,False,1787164898,1.26.45.1
2026-09-13T11:35:52.597649+00:00,Adventure,com.roblox.client,Roblox,4.208562,52111303,3666434,"1,000,000,000+",1691618158,1000000000,0,True,1788994560,Varies with device
2026-09-13T11:35:52.597649+00:00,Adventure,com.innersloth.spacemafia,Among Us,3.9225438,13657152,529521,"500,000,000+",794831129,500000000,0,True,1786398116,2026.8.18
2026-09-13T11:35:52.597649+00:00,Puzzle,com.king.candycrushsodasaga,Candy Crush Soda Saga,4.5748677,8852397,390327,"500,000,000+",624637374,500000000,0,True,1787911516,1.326.1
2026-09-13T11:35:52.597649+00:00,Puzzle,com.easybrain.sudoku.android,Sudoku.com - Sudoku Puzzle,4.736924,2487529,86392,"100,000,000+",107626923,100000000,0,True,1788549464,7.8.0
2026-09-13T11:35:52.597649+00:00,Puzzle,com.gramgames.mergedragons,Merge Dragons!,4.4568524,1414052,146223,"50,000,000+",63786282,50000000,0,True,1788793520,13.14.1
2026-09-13T11:35:52.597649+00:00,Puzzle,com.easybrain.block.puzzle.games,Blockudoku®: Block Puzzle Game,4.624319,1293418,32944,"100,000,000+",123041810,100000000,0,True,1788447743,3.30.0
2026-09-13T11:35:52.597649+00:00,Casual,com.supercell.hayday,Hay Day,4.372904,13102823,415121,"100,000,000+",371349453,100000000,0,True,1786968591,1.72.86
2026-09-13T11:35:52.597649+00:00,Casual,com.playrix.homescapes,Homescapes,4.728262,13369268,370836,"500,000,000+",521272889,500000000,0,True,1788451115,9.1.102
2026-09-13T11:35:52.597649+00:00,Casual,com.playrix.township,Township,4.691535,12881920,373941,"500,000,000+",520165834,500000000,0,True,1787913818,38.1.1
2026-09-13T11:35:52.597649+00:00,Strategy,com.supercell.clashofclans,Clash of Clans,4.522517,61348769,1969316,"500,000,000+",881030715,500000000,0,True,1788871046,18.600.5
2026-09-13T11:35:52.597649+00:00,Strategy,com.supercell.clashroyale,Clash Royale,4.442241,41718143,971417,"500,000,000+",632708427,500000000,0,True,1789044207,160402002
2026-09-13T11:35:52.597649+00:00,Strategy,com.igg.android.lordsmobile,Lords Mobile x Transformers,4.48448,9171601,181403,"500,000,000+",628281897,500000000,0,True,1788233284,2.201
2026-09-13T11:35:52.597649+00:00,Strategy,com.supercell.boombeach,Boom Beach: War Strategy Game,4.4451084,6249658,289072,"100,000,000+",107870643,100000000,0,True,1786957130,62.100
2026-09-13T11:35:52.597649+00:00,Card,com.mobilityware.solitaire,Solitaire - Classic Card Games,4.557492,1798552,204016,"100,000,000+",151851391,100000000,0,True,1787674641,9.7.0.6614
2026-09-13T11:35:52.597649+00:00,Casino,com.doubledown.casino,2 Down Casino,,,,500+,509,500,0,True,1782301205,1.0
2026-09-13T11:35:52.597649+00:00,Role Playing,com.garena.game.codm,Call of Duty®: Mobile - Garena,4.079812,3931114,878,"50,000,000+",97647257,50000000,0,True,1788177120,1.6.57
2026-09-13T11:35:52.597649+00:00,Simulation,com.ea.games.simsfreeplay_row,The Sims™ FreePlay,4.6134453,5770362,65136,"100,000,000+",239253341,100000000,0,True,1787841647,117.1.280231
2026-09-13T11:35:52.597649+00:00,Simulation,com.outfit7.mytalkingtom2,My Talking Tom 2: Pet Game,4.2923403,6748445,51008,"1,000,000,000+",1123804349,1000000000,0,True,1788778304,Varies with device
2026-09-13T11:35:52.597649+00:00,Sports,com.ea.gp.fifamobile,EA SPORTS FC Soccer Mobile 26,4.611407,22897011,242648,"500,000,000+",796237677,500000000,0,True,1784864666,27.0.04
2026-09-13T11:35:52.597649+00:00,Board,com.king.farmheroessaga,Farm Heroes Saga,4.638957,9820402,431304,"100,000,000+",433038951,100000000,0,True,1788199806,6.97.15
2026-09-13T11:35:52.597649+00:00,Trivia,com.scopely.wheeloffortune,Wheel of Fortune Official Game,4.605461,425737,120328,"10,000,000+",29042973,10000000,0,True,1788896015,4.11.1
2026-09-13T11:35:52.597649+00:00,Trivia,com.etermax.preguntados.lite,Trivia Crack by The Floor,4.4659805,7860307,524426,"100,000,000+",267939837,100000000,0,True,1788985934,3.386.0
2026-09-13T11:35:52.597649+00:00,Word,com.zynga.words,Classic Words With Friends,4.2485604,1679750,554792,"50,000,000+",55543479,50000000,0,True,1787600915,59.01.01
2026-09-14T12:30:02.610309+00:00,Action,com.pubg.imobile,BGMI: FPS Battle Royale,4.3672924,7589485,951,"100,000,000+",270944775,100000000,0,True,1783675936,4.5.0
2026-09-14T12:30:02.610309+00:00,Action,com.miHoYo.GenshinImpact,Genshin Impact,3.273808,5227975,133459,"100,000,000+",144339458,100000000,0,True,,Varies with device
2026-09-14T12:30:02.610309+00:00,Action,com.dts.freefireth,Free Fire: 9th Anniversary,4.3422513,129742526,655322,"1,000,000,000+",2151583982,1000000000,0,True,1785824269,1.130.1
2026-09-14T12:30:02.610309+00:00,Action,com.activision.callofduty.shooter,Call of Duty®: Mobile,4.2591596,16558639,810674,"100,000,000+",424675908,100000000,0,True,1788210620,1.0.57
2026-09-14T12:30:02.610309+00:00,Action,com.epicgames.fortnite,Fortnite,4.6348114,500788,34802,"10,000,000+",36046301,10000000,0,True,1788546475,42.10.0-57762904-Android
2026-09-14T12:30:02.610309+00:00,Action,com.tencent.ig,PUBG MOBILE,4.320388,48650816,860180,"1,000,000,000+",1111428459,1000000000,0,True,1787890096,4.6.0
2026-09-14T12:30:02.610309+00:00,Action,com.supercell.brawlstars,Brawl Stars,4.2014966,26114395,327211,"500,000,000+",551443506,500000000,0,True,1788519695,69.252
2026-09-14T12:30:02.610309+00:00,Action,com.dts.freefiremax,Free Fire MAX,4.466111,31840018,69984,"500,000,000+",951302954,500000000,0,True,1785769209,2.131.1
2026-09-14T12:30:02.610309+00:00,Arcade,com.king.candycrushsaga,Candy Crush Saga,4.628573,38928027,2089176,"1,000,000,000+",2327414301,1000000000,0,True,1788871614,1.335.1.2
2026-09-14T12:30:02.610309+00:00,Arcade,air.com.hypah.io.slither,slither.io,3.9030955,6549169,302443,"500,000,000+",603215698,500000000,0,True,1762688138,Varies with device
2026-09-14T12:30:02.610309+00:00,Arcade,com.halfbrick.fruitninjafree,Fruit Ninja®,4.4085107,5332571,212901,"500,000,000+",641200529,500000000,0,True,1789014295,3.97.6
2026-09-14T12:30:02.610309+00:00,Arcade,com.ketchapp.stack,Stack,4.111268,445869,20916,"50,000,000+",70249706,50000000,0,True,1787818849,4.0.7
2026-09-14T12:30:02.610309+00:00,Arcade,com.halfbrick.jetpackjoyride,Jetpack Joyride,4.4448667,4755480,193248,"100,000,000+",292414679,100000000,0,True,1772404237,1.104.1
2026-09-14T12:30:02.610309+00:00,Arcade,com.imangi.templerun2,Temple Run 2,4.076771,9836342,371227,"1,000,000,000+",1235962442,1000000000,0,True,1788897727,1.135.1
2026-09-14T12:30:02.610309+00:00,Arcade,com.kiloo.subwaysurf,Subway Surfers,4.5500517,41549586,1753338,"1,000,000,000+",2934093218,1000000000,0,True,1789054396,3.69.0
2026-09-14T12:30:02.610309+00:00,Racing,com.gameloft.android.ANMP.GloftA9HM,Asphalt Legends - Racing Game,4.348638,2861379,71900,"100,000,000+",166046263,100000000,0,True,1784894759,52.1.2a
2026-09-14T12:30:02.610309+00:00,Racing,com.miniclip.eightballpool,8 Ball Pool,4.792099,31746016,984068,"1,000,000,000+",1334821735,1000000000,0,True,1787931184,56.29.2
2026-09-14T12:30:02.610309+00:00,Racing,com.hutchgames.hillclimb,MMX Hill Dash,4.356633,291173,17371,"10,000,000+",17489176,10000000,0,True,1759432506,2.01.14226
2026-09-14T12:30:02.610309+00:00,Racing,com.gameloft.android.ANMP.GloftA8HM,Asphalt 8 - Car Racing Game,4.5848217,11991329,285658,"500,000,000+",574940650,500000000,0,True,1785930343,9.1.0i
2026-09-14T12:30:02.610309+00:00,Adventure,com.mojang.minecraftpe,"Minecraft: Dream it, Build it!",4.3102117,5828477,634770,"50,000,000+",97132476,50000000,6.99,False,1787164898,1.26.45.1
2026-09-14T12:30:02.610309+00:00,Adventure,com.roblox.client,Roblox,4.209227,52146080,3666631,"1,000,000,000+",1691618158,1000000000,0,True,1788994560,Varies with device
2026-09-14T12:30:02.610309+00:00,Adventure,com.innersloth.spacemafia,Among Us,3.9225976,13657815,529539,"500,000,000+",794831129,500000000,0,True,1786398116,2026.8.18
2026-09-14T12:30:02.610309+00:00,Puzzle,com.king.candycrushsodasaga,Candy Crush Soda Saga,4.575045,8852506,390332,"500,000,000+",624820205,500000000,0,True,1787911516,1.326.1
2026-09-14T12:30:02.610309+00:00,Puzzle,com.easybrain.sudoku.android,Sudoku.com - Sudoku Puzzle,4.736887,2488602,86405,"100,000,000+",107701095,100000000,0,True,1788549464,7.8.0
2026-09-14T12:30:02.610309+00:00,Puzzle,com.gramgames.mergedragons,Merge Dragons!,4.4567065,1414098,146231,"50,000,000+",63786282,50000000,0,True,1788793520,13.14.1
2026-09-14T12:30:02.610309+00:00,Puzzle,com.easybrain.block.puzzle.games,Blockudoku®: Block Puzzle Game,4.624783,1293666,32945,"100,000,000+",123059020,100000000,0,True,1788447743,3.30.0
2026-09-14T12:30:02.610309+00:00,Casual,com.supercell.hayday,Hay Day,4.373187,13103317,415126,"100,000,000+",371349453,100000000,0,True,1786968591,1.72.86
2026-09-14T12:30:02.610309+00:00,Casual,com.playrix.homescapes,Homescapes,4.728319,13369869,370839,"500,000,000+",521403257,500000000,0,True,1788451115,9.1.102
2026-09-14T12:30:02.610309+00:00,Casual,com.playrix.township,Township,4.690757,12883616,373970,"500,000,000+",520165834,500000000,0,True,1787913818,38.1.1
2026-09-14T12:30:02.610309+00:00,Strategy,com.supercell.clashofclans,Clash of Clans,4.5226216,61353228,1969370,"500,000,000+",881030715,500000000,0,True,1788871046,18.600.5
2026-09-14T12:30:02.610309+00:00,Strategy,com.supercell.clashroyale,Clash Royale,4.4421644,41722566,971447,"500,000,000+",632920155,500000000,0,True,1789044207,160402002
2026-09-14T12:30:02.610309+00:00,Strategy,com.igg.android.lordsmobile,Lords Mobile x Transformers,4.484344,9171885,181410,"500,000,000+",628461123,500000000,0,True,1788233284,2.201
2026-09-14T12:30:02.610309+00:00,Strategy,com.supercell.boombeach,Boom Beach: War Strategy Game,4.445131,6249759,289070,"100,000,000+",107870643,100000000,0,True,1786957130,62.100
2026-09-14T12:30:02.610309+00:00,Card,com.mobilityware.solitaire,Solitaire - Classic Card Games,4.557555,1798614,204019,"100,000,000+",151851391,100000000,0,True,1787674641,9.7.0.6614
2026-09-14T12:30:02.610309+00:00,Casino,com.doubledown.casino,2 Down Casino,,,,500+,509,500,0,True,1782301205,1.0
2026-09-14T12:30:02.610309+00:00,Role Playing,com.garena.game.codm,Call of Duty®: Mobile - Garena,4.079812,3931377,878,"50,000,000+",97647257,50000000,0,True,1788177120,1.6.57
2026-09-14T12:30:02.610309+00:00,Simulation,com.ea.games.simsfreeplay_row,The Sims™ FreePlay,4.6134453,5770431,65136,"100,000,000+",239253341,100000000,0,True,1787841647,117.1.280231
2026-09-14T12:30:02.610309+00:00,Simulation,com.outfit7.mytalkingtom2,My Talking Tom 2: Pet Game,4.2930155,6748823,51011,"1,000,000,000+",1124697924,1000000000,0,True,1788778304,Varies with device
2026-09-14T12:30:02.610309+00:00,Sports,com.ea.gp.fifamobile,EA SPORTS FC Soccer Mobile 26,4.611589,22908342,242695,"500,000,000+",796237677,500000000,0,True,1784864666,27.0.04
2026-09-14T12:30:02.610309+00:00,Board,com.king.farmheroessaga,Farm Heroes Saga,4.638785,9820489,431308,"100,000,000+",433138611,100000000,0,True,1789115043,6.97.15
2026-09-14T12:30:02.610309+00:00,Trivia,com.scopely.wheeloffortune,Wheel of Fortune Official Game,4.605507,425751,120331,"10,000,000+",29042973,10000000,0,True,1788896015,4.11.1
2026-09-14T12:30:02.610309+00:00,Trivia,com.etermax.preguntados.lite,Trivia Crack by The Floor,4.465505,7860375,524427,"100,000,000+",267939837,100000000,0,True,1788985934,3.386.0
2026-09-14T12:30:02.610309+00:00,Word,com.zynga.words,Classic Words With Friends,4.2476277,1679747,554790,"50,000,000+",55543479,50000000,0,True,1787600915,59.01.01
2026-09-15T11:33:16.689514+00:00,Action,com.pubg.imobile,BGMI: FPS Battle Royale,4.3672924,7590966,951,"100,000,000+",271457195,100000000,0,True,1783675936,4.5.0
2026-09-15T11:33:16.689514+00:00,Action,com.miHoYo.GenshinImpact,Genshin Impact,3.273521,5228275,133451,"100,000,000+",144418793,100000000,0,True,,Varies with device
2026-09-15T11:33:16.689514+00:00,Action,com.dts.freefireth,Free Fire: 9th Anniversary,4.3423524,129744141,655322,"1,000,000,000+",2151583982,1000000000,0,True,1785824269,1.130.1
2026-09-15T11:33:16.689514+00:00,Action,com.activision.callofduty.shooter,Call of Duty®: Mobile,4.259041,16558867,810655,"100,000,000+",425361966,100000000,0,True,1788210620,1.0.57
2026-09-15T11:33:16.689514+00:00,Action,com.epicgames.fortnite,Fortnite,4.633326,501475,34812,"10,000,000+",36193294,10000000,0,True,1788546475,42.10.0-57762904-Android
2026-09-15T11:33:16.689514+00:00,Action,com.tencent.ig,PUBG MOBILE,4.3202825,48650335,860151,"1,000,000,000+",1112907701,1000000000,0,True,1787890096,4.6.0
2026-09-15T11:33:16.689514+00:00,Action,com.supercell.brawlstars,Brawl Stars,4.2011623,26114074,327204,"500,000,000+",551654256,500000000,0,True,1788519695,69.252
2026-09-15T11:33:16.689514+00:00,Action,com.dts.freefiremax,Free Fire MAX,4.4649243,31841955,69980,"500,000,000+",952541775,500000000,0,True,1785769209,2.131.1
2026-09-15T11:33:16.689514+00:00,Arcade,com.king.candycrushsaga,Candy Crush Saga,4.6286063,38923789,2088899,"1,000,000,000+",2329390618,1000000000,0,True,1788871614,1.336.2.1
2026-09-15T11:33:16.689514+00:00,Arcade,air.com.hypah.io.slither,slither.io,3.9031277,6548430,302427,"500,000,000+",603331176,500000000,0,True,1762688138,Varies with device
2026-09-15T11:33:16.689514+00:00,Arcade,com.halfbrick.fruitninjafree,Fruit Ninja®,4.407307,5330638,212830,"500,000,000+",641430721,500000000,0,True,1789014295,3.97.8
2026-09-15T11:33:16.689514+00:00,Arcade,com.ketchapp.stack,Stack,4.115113,445867,20915,"50,000,000+",70256562,50000000,0,True,1787818849,4.0.7
2026-09-15T11:33:16.689514+00:00,Arcade,com.halfbrick.jetpackjoyride,Jetpack Joyride,4.444569,4754076,193189,"100,000,000+",292414679,100000000,0,True,1772404237,1.104.1
2026-09-15T11:33:16.689514+00:00,Arcade,com.imangi.templerun2,Temple Run 2,4.076917,9833836,371128,"1,000,000,000+",1236474437,1000000000,0,True,1788897727,1.135.1
2026-09-15T11:33:16.689514+00:00,Arcade,com.kiloo.subwaysurf,Subway Surfers,4.550144,41541851,1752925,"1,000,000,000+",2935406796,1000000000,0,True,1789054396,3.69.0
2026-09-15T11:33:16.689514+00:00,Racing,com.gameloft.android.ANMP.GloftA9HM,Asphalt Legends - Racing Game,4.3490577,2861297,71902,"100,000,000+",166089337,100000000,0,True,1784894759,52.1.2a
2026-09-15T11:33:16.689514+00:00,Racing,com.miniclip.eightballpool,8 Ball Pool,4.7921867,31746153,984016,"1,000,000,000+",1335648187,1000000000,0,True,1787931184,56.29.2
2026-09-15T11:33:16.689514+00:00,Racing,com.hutchgames.hillclimb,MMX Hill Dash,4.356633,291152,17371,"10,000,000+",17489455,10000000,0,True,1759432506,2.01.14226
2026-09-15T11:33:16.689514+00:00,Racing,com.gameloft.android.ANMP.GloftA8HM,Asphalt 8 - Car Racing Game,4.584434,11990445,285622,"500,000,000+",575071138,500000000,0,True,1785930343,9.1.0i
2026-09-15T11:33:16.689514+00:00,Adventure,com.mojang.minecraftpe,"Minecraft: Dream it, Build it!",4.310476,5829125,634760,"50,000,000+",97380595,50000000,6.99,False,1787164898,1.26.45.1
2026-09-15T11:33:16.689514+00:00,Adventure,com.roblox.client,Roblox,4.2097416,52152266,3666420,"1,000,000,000+",1695646069,1000000000,0,True,1788994560,Varies with device
2026-09-15T11:33:16.689514+00:00,Adventure,com.innersloth.spacemafia,Among Us,3.9231927,13657755,529529,"500,000,000+",795265840,500000000,0,True,1786398116,2026.8.18
2026-09-15T11:33:16.689514+00:00,Puzzle,com.king.candycrushsodasaga,Candy Crush Soda Saga,4.574941,8851210,390297,"500,000,000+",624991116,500000000,0,True,1789376998,1.326.1
2026-09-15T11:33:16.689514+00:00,Puzzle,com.easybrain.sudoku.android,Sudoku.com - Sudoku Puzzle,4.7360888,2489410,86405,"100,000,000+",107738151,100000000,0,True,1788549464,7.8.0
2026-09-15T11:33:16.689514+00:00,Puzzle,com.gramgames.mergedragons,Merge Dragons!,4.4566855,1414098,146226,"50,000,000+",63799038,50000000,0,True,1789399146,13.14.1
2026-09-15T11:33:16.689514+00:00,Puzzle,com.easybrain.block.puzzle.games,Blockudoku®: Block Puzzle Game,4.625695,1293863,32948,"100,000,000+",123092635,100000000,0,True,1788447743,3.30.0
2026-09-15T11:33:16.689514+00:00,Casual,com.supercell.hayday,Hay Day,4.3732524,13101052,415047,"100,000,000+",371533948,100000000,0,True,1786968591,1.72.86
2026-09-15T11:33:16.689514+00:00,Casual,com.playrix.homescapes,Homescapes,4.728307,13369739,370825,"500,000,000+",521493061,500000000,0,True,1788451115,9.1.102
2026-09-15T11:33:16.689514+00:00,Casual,com.playrix.township,Township,4.6906366,12884252,373974,"500,000,000+",520862415,500000000,0,True,1787913818,38.1.1
2026-09-15T11:33:16.689514+00:00,Strategy,com.supercell.clashofclans,Clash of Clans,4.5227222,61343023,1969109,"500,000,000+",881313138,500000000,0,True,1788871046,18.600.5
2026-09-15T11:33:16.689514+00:00,Strategy,com.supercell.clashroyale,Clash Royale,4.4418855,41722599,971409,"500,000,000+",633121204,500000000,0,True,1789044207,160402002
2026-09-15T11:33:16.689514+00:00,Strategy,com.igg.android.lordsmobile,Lords Mobile x Transformers,4.484444,9171597,181405,"500,000,000+",628461123,500000000,0,True,1788233284,2.201
2026-09-15T11:33:16.689514+00:00,Strategy,com.supercell.boombeach,Boom Beach: War Strategy Game,4.444884,6248962,289044,"100,000,000+",107885469,100000000,0,True,1789144684,63.202
2026-09-15T11:33:16.689514+00:00,Card,com.mobilityware.solitaire,Solitaire - Classic Card Games,4.5571365,1798226,203960,"100,000,000+",151865841,100000000,0,True,1787674641,9.7.0.6614
2026-09-15T11:33:16.689514+00:00,Casino,com.doubledown.casino,2 Down Casino,,,,500+,510,500,0,True,1782301205,1.0
2026-09-15T11:33:16.689514+00:00,Role Playing,com.garena.game.codm,Call of Duty®: Mobile - Garena,4.079812,3931382,878,"50,000,000+",97719381,50000000,0,True,1788177120,1.6.57
2026-09-15T11:33:16.689514+00:00,Simulation,com.ea.games.simsfreeplay_row,The Sims™ FreePlay,4.6134453,5769514,65105,"100,000,000+",239289281,100000000,0,True,1787841647,117.1.280231
2026-09-15T11:33:16.689514+00:00,Simulation,com.outfit7.mytalkingtom2,My Talking Tom 2: Pet Game,4.29298,6748294,51010,"1,000,000,000+",1124697924,1000000000,0,True,1788778304,Varies with device
2026-09-15T11:33:16.689514+00:00,Sports,com.ea.gp.fifamobile,EA SPORTS FC Soccer Mobile 26,4.6119404,22913391,242693,"500,000,000+",796866939,500000000,0,True,1784864666,27.0.04
2026-09-15T11:33:16.689514+00:00,Board,com.king.farmheroessaga,Farm Heroes Saga,4.638301,9818503,431246,"100,000,000+",433236264,100000000,0,True,1789413305,6.98.14
2026-09-15T11:33:16.689514+00:00,Trivia,com.scopely.wheeloffortune,Wheel of Fortune Official Game,4.605305,425740,120325,"10,000,000+",29046179,10000000,0,True,1788896015,4.11.1
2026-09-15T11:33:16.689514+00:00,Trivia,com.etermax.preguntados.lite,Trivia Crack by The Floor,4.465584,7859183,524326,"100,000,000+",267999304,100000000,0,True,1789416297,3.386.0
2026-09-15T11:33:16.689514+00:00,Word,com.zynga.words,Classic Words With Friends,4.247745,1679272,554640,"50,000,000+",55543479,50000000,0,True,1787600915,59.01.01
2026-09-15T20:19:41.294569+00:00,Action,com.pubg.imobile,BGMI: FPS Battle Royale,4.3672924,7591832,951,"100,000,000+",271457195,100000000,0,True,1783675936,4.5.0
2026-09-15T20:19:41.294569+00:00,Action,com.miHoYo.GenshinImpact,Genshin Impact,3.2735379,5228476,133456,"100,000,000+",144418793,100000000,0,True,,Varies with device
2026-09-15T20:19:41.294569+00:00,Action,com.dts.freefireth,Free Fire: 9th Anniversary,4.3424864,129749353,655341,"1,000,000,000+",2151583982,1000000000,0,True,1785824269,1.130.1
2026-09-15T20:19:41.294569+00:00,Action,com.activision.callofduty.shooter,Call of Duty®: Mobile,4.259022,16559152,810652,"100,000,000+",425361966,100000000,0,True,1788210620,1.0.57
2026-09-15T20:19:41.294569+00:00,Action,com.epicgames.fortnite,Fortnite,4.6339645,501700,34818,"10,000,000+",36344133,10000000,0,True,1788546475,42.10.0-57762904-Android
2026-09-15T20:19:41.294569+00:00,Action,com.tencent.ig,PUBG MOBILE,4.3202715,48651451,860156,"1,000,000,000+",1112907701,1000000000,0,True,1787890096,4.6.0
2026-09-15T20:19:41.294569+00:00,Action,com.supercell.brawlstars,Brawl Stars,4.2011776,26114859,327212,"500,000,000+",551654256,500000000,0,True,1788519695,69.252
2026-09-15T20:19:41.294569+00:00,Action,com.dts.freefiremax,Free Fire MAX,4.4645705,31844894,69985,"500,000,000+",952541775,500000000,0,True,1785769209,2.131.1
2026-09-15T20:19:41.294569+00:00,Arcade,com.king.candycrushsaga,Candy Crush Saga,4.628635,38924514,2088914,"1,000,000,000+",2329390618,1000000000,0,True,1788871614,1.336.2.1
2026-09-15T20:19:41.294569+00:00,Arcade,air.com.hypah.io.slither,slither.io,3.9031305,6548446,302427,"500,000,000+",603331176,500000000,0,True,1762688138,Varies with device
2026-09-15T20:19:41.294569+00:00,Arcade,com.halfbrick.fruitninjafree,Fruit Ninja®,4.4059205,5330680,212833,"500,000,000+",641430721,500000000,0,True,1789014295,3.97.8
2026-09-15T20:19:41.294569+00:00,Arcade,com.ketchapp.stack,Stack,4.115154,445874,20915,"50,000,000+",70256562,50000000,0,True,1787818849,4.0.7
2026-09-15T20:19:41.294569+00:00,Arcade,com.halfbrick.jetpackjoyride,Jetpack Joyride,4.444569,4754081,193189,"100,000,000+",292414679,100000000,0,True,1772404237,1.104.1
2026-09-15T20:19:41.294569+00:00,Arcade,com.imangi.templerun2,Temple Run 2,4.076917,9833904,371128,"1,000,000,000+",1236474437,1000000000,0,True,1788897727,1.135.1
2026-09-15T20:19:41.294569+00:00,Arcade,com.kiloo.subwaysurf,Subway Surfers,4.5501294,41542790,1752926,"1,000,000,000+",2935406796,1000000000,0,True,1789054396,3.69.0
2026-09-15T20:19:41.294569+00:00,Racing,com.gameloft.android.ANMP.GloftA9HM,Asphalt Legends - Racing Game,4.3492084,2861329,71904,"100,000,000+",166113622,100000000,0,True,1784894759,52.1.2a
2026-09-15T20:19:41.294569+00:00,Racing,com.miniclip.eightballpool,8 Ball Pool,4.792168,31748181,984025,"1,000,000,000+",1335648187,1000000000,0,True,1787931184,56.29.2
2026-09-15T20:19:41.294569+00:00,Racing,com.hutchgames.hillclimb,MMX Hill Dash,4.356633,291152,17371,"10,000,000+",17489723,10000000,0,True,1759432506,2.01.14226
2026-09-15T20:19:41.294569+00:00,Racing,com.gameloft.android.ANMP.GloftA8HM,Asphalt 8 - Car Racing Game,4.5843964,11990826,285624,"500,000,000+",575145144,500000000,0,True,1785930343,9.1.0i
2026-09-15T20:19:41.294569+00:00,Adventure,com.mojang.minecraftpe,"Minecraft: Dream it, Build it!",4.310405,5829438,634771,"50,000,000+",97438900,50000000,6.99,False,1788978112,1.26.50.4
2026-09-15T20:19:41.294569+00:00,Adventure,com.roblox.client,Roblox,4.209925,52160117,3666464,"1,000,000,000+",1696639213,1000000000,0,True,1788994560,Varies with device
2026-09-15T20:19:41.294569+00:00,Adventure,com.innersloth.spacemafia,Among Us,3.9232047,13657952,529531,"500,000,000+",795265840,500000000,0,True,1786398116,2026.8.18
2026-09-15T20:19:41.294569+00:00,Puzzle,com.king.candycrushsodasaga,Candy Crush Soda Saga,4.57493,8851289,390298,"500,000,000+",624991116,500000000,0,True,1789376998,1.326.1
2026-09-15T20:19:41.294569+00:00,Puzzle,com.easybrain.sudoku.android,Sudoku.com - Sudoku Puzzle,4.7358723,2489772,86410,"100,000,000+",107738151,100000000,0,True,1788549464,7.8.0
2026-09-15T20:19:41.294569+00:00,Puzzle,com.gramgames.mergedragons,Merge Dragons!,4.456675,1414109,146229,"50,000,000+",63818016,50000000,0,True,1789399146,13.14.1
2026-09-15T20:19:41.294569+00:00,Puzzle,com.easybrain.block.puzzle.games,Blockudoku®: Block Puzzle Game,4.6257257,1293939,32949,"100,000,000+",123092635,100000000,0,True,1789479902,3.30.0
2026-09-15T20:19:41.294569+00:00,Casual,com.supercell.hayday,Hay Day,4.373042,13101207,415047,"100,000,000+",371533948,100000000,0,True,1786968591,1.72.86
2026-09-15T20:19:41.294569+00:00,Casual,com.playrix.homescapes,Homescapes,4.7282915,13370000,370828,"500,000,000+",521493061,500000000,0,True,1789485128,9.1.102
2026-09-15T20:19:41.294569+00:00,Casual,com.playrix.township,Township,4.6900907,12884876,373987,"500,000,000+",520862415,500000000,0,True,1789145471,Varies with device
2026-09-15T20:19:41.294569+00:00,Strategy,com.supercell.clashofclans,Clash of Clans,4.52279,61343704,1969110,"500,000,000+",881313138,500000000,0,True,1788871046,18.600.5
2026-09-15T20:19:41.294569+00:00,Strategy,com.supercell.clashroyale,Clash Royale,4.441825,41724144,971420,"500,000,000+",633121204,500000000,0,True,1789044207,160402002
2026-09-15T20:19:41.294569+00:00,Strategy,com.igg.android.lordsmobile,Lords Mobile x Transformers,4.4844475,9171702,181408,"500,000,000+",628461123,500000000,0,True,1788233284,2.201
2026-09-15T20:19:41.294569+00:00,Strategy,com.supercell.boombeach,Boom Beach: War Strategy Game,4.4449606,6248973,289045,"100,000,000+",107885469,100000000,0,True,1789144684,63.202
2026-09-15T20:19:41.294569+00:00,Card,com.mobilityware.solitaire,Solitaire - Classic Card Games,4.5572114,1798254,203963,"100,000,000+",151865841,100000000,0,True,1787674641,9.7.0.6614
2026-09-15T20:19:41.294569+00:00,Casino,com.doubledown.casino,2 Down Casino,,,,500+,510,500,0,True,1782301205,1.0
2026-09-15T20:19:41.294569+00:00,Role Playing,com.garena.game.codm,Call of Duty®: Mobile - Garena,4.079812,3931454,878,"50,000,000+",97805115,50000000,0,True,1788177120,1.6.57
2026-09-15T20:19:41.294569+00:00,Simulation,com.ea.games.simsfreeplay_row,The Sims™ FreePlay,4.6134453,5769539,65105,"100,000,000+",239326778,100000000,0,True,1787841647,117.1.280231
2026-09-15T20:19:41.294569+00:00,Simulation,com.outfit7.mytalkingtom2,My Talking Tom 2: Pet Game,4.2929316,6748398,51010,"1,000,000,000+",1124697924,1000000000,0,True,1788778304,Varies with device
2026-09-15T20:19:41.294569+00:00,Sports,com.ea.gp.fifamobile,EA SPORTS FC Soccer Mobile 26,4.6119537,22916651,242699,"500,000,000+",796866939,500000000,0,True,1784864666,27.0.04
2026-09-15T20:19:41.294569+00:00,Board,com.king.farmheroessaga,Farm Heroes Saga,4.6384954,9818550,431252,"100,000,000+",433236264,100000000,0,True,1789413305,6.98.14
2026-09-15T20:19:41.294569+00:00,Trivia,com.scopely.wheeloffortune,Wheel of Fortune Official Game,4.605214,425745,120327,"10,000,000+",29049377,10000000,0,True,1789495500,4.11.1
2026-09-15T20:19:41.294569+00:00,Trivia,com.etermax.preguntados.lite,Trivia Crack by The Floor,4.4655223,7859208,524327,"100,000,000+",267999304,100000000,0,True,1789416297,3.386.0
2026-09-15T20:19:41.294569+00:00,Word,com.zynga.words,Classic Words With Friends,4.2489886,1679274,554641,"50,000,000+",55543479,50000000,0,True,1787600915,59.01.01
2026-09-16T11:19:42.057288+00:00,Action,com.pubg.imobile,BGMI: FPS Battle Royale,4.3672924,7592365,951,"100,000,000+",271457195,100000000,0,True,1788932413,4.6.0
2026-09-16T11:19:42.057288+00:00,Action,com.miHoYo.GenshinImpact,Genshin Impact,3.2743652,5228671,133454,"100,000,000+",144418793,100000000,0,True,,Varies with device
2026-09-16T11:19:42.057288+00:00,Action,com.dts.freefireth,Free Fire x NARUTO SHIPPUDEN,4.3429184,129746810,655528,"1,000,000,000+",2153153556,1000000000,0,True,1789011431,1.132.1
2026-09-16T11:19:42.057288+00:00,Action,com.activision.callofduty.shooter,Call of Duty®: Mobile,4.258872,16559436,810657,"100,000,000+",425361966,100000000,0,True,1788210620,1.0.57
2026-09-16T11:19:42.057288+00:00,Action,com.epicgames.fortnite,Fortnite,4.6322308,501985,34826,"10,000,000+",36344133,10000000,0,True,1788546475,42.10.0-57762904-Android
2026-09-16T11:19:42.057288+00:00,Action,com.tencent.ig,PUBG MOBILE,4.3201647,48652227,860165,"1,000,000,000+",1113197512,1000000000,0,True,1787890096,4.6.0
2026-09-16T11:19:42.057288+00:00,Action,com.supercell.brawlstars,Brawl Stars,4.200573,26115308,327234,"500,000,000+",551654256,500000000,0,True,1788519695,69.252
2026-09-16T11:19:42.057288+00:00,Action,com.dts.freefiremax,Free Fire MAX x NARUTO,4.465556,31839715,70054,"500,000,000+",952541775,500000000,0,True,1789012257,2.132.1
2026-09-16T11:19:42.057288+00:00,Arcade,com.king.candycrushsaga,Candy Crush Saga,4.6286874,38925395,2088945,"1,000,000,000+",2331401934,1000000000,0,True,1788871614,1.336.2.1
2026-09-16T11:19:42.057288+00:00,Arcade,air.com.hypah.io.slither,slither.io,3.9031305,6548443,302427,"500,000,000+",603331176,500000000,0,True,1762688138,Varies with device
2026-09-16T11:19:42.057288+00:00,Arcade,com.halfbrick.fruitninjafree,Fruit Ninja®,4.4049897,5330735,212839,"500,000,000+",641430721,500000000,0,True,1789014295,3.97.8
2026-09-16T11:19:42.057288+00:00,Arcade,com.ketchapp.stack,Stack,4.115425,445886,20916,"50,000,000+",70256562,50000000,0,True,1787818849,4.0.7
2026-09-16T11:19:42.057288+00:00,Arcade,com.halfbrick.jetpackjoyride,Jetpack Joyride,4.444569,4754086,193189,"100,000,000+",292431333,100000000,0,True,1772404237,1.104.1
2026-09-16T11:19:42.057288+00:00,Arcade,com.imangi.templerun2,Temple Run 2,4.077058,9834010,371127,"1,000,000,000+",1236474437,1000000000,0,True,1788897727,1.135.1
2026-09-16T11:19:42.057288+00:00,Arcade,com.kiloo.subwaysurf,Subway Surfers,4.550162,41543567,1752934,"1,000,000,000+",2935406796,1000000000,0,True,1789054396,3.69.0
2026-09-16T11:19:42.057288+00:00,Racing,com.gameloft.android.ANMP.GloftA9HM,Asphalt Legends - Racing Game,4.349321,2861365,71905,"100,000,000+",166113622,100000000,0,True,1784894759,52.1.2a
2026-09-16T11:19:42.057288+00:00,Racing,com.miniclip.eightballpool,8 Ball Pool,4.792273,31750424,984031,"1,000,000,000+",1335648187,1000000000,0,True,1789544901,56.29.2
2026-09-16T11:19:42.057288+00:00,Racing,com.hutchgames.hillclimb,MMX Hill Dash,4.356633,291150,17371,"10,000,000+",17489723,10000000,0,True,1759432506,2.01.14226
2026-09-16T11:19:42.057288+00:00,Racing,com.gameloft.android.ANMP.GloftA8HM,Asphalt 8 - Car Racing Game,4.5845227,11991279,285624,"500,000,000+",575145144,500000000,0,True,1785930343,9.1.0i
2026-09-16T11:19:42.057288+00:00,Adventure,com.mojang.minecraftpe,"Minecraft: Dream it, Build it!",4.310756,5829870,634794,"50,000,000+",97438900,50000000,6.99,False,1788978112,1.26.50.4
2026-09-16T11:19:42.057288+00:00,Adventure,com.roblox.client,Roblox,4.209739,52172465,3666593,"1,000,000,000+",1696639213,1000000000,0,True,1788994560,Varies with device
2026-09-16T11:19:42.057288+00:00,Adventure,com.innersloth.spacemafia,Among Us,3.9232395,13658201,529537,"500,000,000+",795684182,500000000,0,True,1786398116,2026.8.18
2026-09-16T11:19:42.057288+00:00,Puzzle,com.king.candycrushsodasaga,Candy Crush Soda Saga,4.575022,8851369,390301,"500,000,000+",624991116,500000000,0,True,1789376998,1.326.1
2026-09-16T11:19:42.057288+00:00,Puzzle,com.easybrain.sudoku.android,Sudoku.com - Sudoku Puzzle,4.736315,2490238,86412,"100,000,000+",107738151,100000000,0,True,1788549464,7.8.0
2026-09-16T11:19:42.057288+00:00,Puzzle,com.gramgames.mergedragons,Merge Dragons!,4.456774,1414131,146232,"50,000,000+",63818016,50000000,0,True,1789399146,13.14.1
2026-09-16T11:19:42.057288+00:00,Puzzle,com.easybrain.block.puzzle.games,Blockudoku®: Block Puzzle Game,4.625755,1294049,32949,"100,000,000+",123092635,100000000,0,True,1789479902,3.30.0
2026-09-16T11:19:42.057288+00:00,Casual,com.supercell.hayday,Hay Day,4.3731227,13101391,415049,"100,000,000+",371533948,100000000,0,True,1786968591,1.72.86
2026-09-16T11:19:42.057288+00:00,Casual,com.playrix.homescapes,Homescapes,4.7283444,13370304,370831,"500,000,000+",521493061,500000000,0,True,1789485128,9.1.102
2026-09-16T11:19:42.057288+00:00,Casual,com.playrix.township,Township,4.690146,12885559,373998,"500,000,000+",520862415,500000000,0,True,1789145471,Varies with device
2026-09-16T11:19:42.057288+00:00,Strategy,com.supercell.clashofclans,Clash of Clans,4.5228333,61344538,1969124,"500,000,000+",881566680,500000000,0,True,1788871046,18.600.5
2026-09-16T11:19:42.057288+00:00,Strategy,com.supercell.clashroyale,Clash Royale,4.439729,41726058,971425,"500,000,000+",633121204,500000000,0,True,1789044207,160402002
2026-09-16T11:19:42.057288+00:00,Strategy,com.igg.android.lordsmobile,Lords Mobile x Transformers,4.4846144,9171874,181411,"500,000,000+",628650033,500000000,0,True,1788233284,2.201
2026-09-16T11:19:42.057288+00:00,Strategy,com.supercell.boombeach,Boom Beach: War Strategy Game,4.4450974,6249035,289046,"100,000,000+",107885469,100000000,0,True,1789144684,63.202
2026-09-16T11:19:42.057288+00:00,Card,com.mobilityware.solitaire,Solitaire - Classic Card Games,4.557795,1798278,203963,"100,000,000+",151878568,100000000,0,True,1787674641,9.7.0.6614
2026-09-16T11:19:42.057288+00:00,Casino,com.doubledown.casino,2 Down Casino,,,,500+,510,500,0,True,1782301205,1.0
2026-09-16T11:19:42.057288+00:00,Role Playing,com.garena.game.codm,Call of Duty®: Mobile - Garena,4.079812,3931569,878,"50,000,000+",97805115,50000000,0,True,1788177120,1.6.57
2026-09-16T11:19:42.057288+00:00,Simulation,com.ea.games.simsfreeplay_row,The Sims™ FreePlay,4.6134453,5769555,65105,"100,000,000+",239326778,100000000,0,True,1787841647,117.1.280231
2026-09-16T11:19:42.057288+00:00,Simulation,com.outfit7.mytalkingtom2,My Talking Tom 2: Pet Game,4.292922,6748499,51009,"1,000,000,000+",1125666913,1000000000,0,True,1788778304,Varies with device
2026-09-16T11:19:42.057288+00:00,Sports,com.ea.gp.fifamobile,EA SPORTS FC Soccer Mobile 26,4.612103,22920176,242715,"500,000,000+",797603947,500000000,0,True,1784864666,27.0.04
2026-09-16T11:19:42.057288+00:00,Board,com.king.farmheroessaga,Farm Heroes Saga,4.6385865,9818591,431250,"100,000,000+",433236264,100000000,0,True,1789413305,6.98.14
2026-09-16T11:19:42.057288+00:00,Trivia,com.scopely.wheeloffortune,Wheel of Fortune Official Game,4.605285,425752,120327,"10,000,000+",29049377,10000000,0,True,1789495500,4.11.1
2026-09-16T11:19:42.057288+00:00,Trivia,com.etermax.preguntados.lite,Trivia Crack by The Floor,4.4653883,7859255,524329,"100,000,000+",267999304,100000000,0,True,1789416297,3.386.0
2026-09-16T11:19:42.057288+00:00,Word,com.zynga.words,Classic Words With Friends,4.249144,1679273,554641,"50,000,000+",55543479,50000000,0,True,1787600915,59.01.01
2026-09-17T11:28:09.413500+00:00,Action,com.pubg.imobile,BGMI: FPS Battle Royale,4.3672924,7598072,951,"100,000,000+",271457195,100000000,0,True,1788932413,4.6.0
2026-09-17T11:28:09.413500+00:00,Action,com.miHoYo.GenshinImpact,Genshin Impact,3.274505,5228946,133459,"100,000,000+",144418793,100000000,0,True,,Varies with device
2026-09-17T11:28:09.413500+00:00,Action,com.dts.freefireth,Free Fire x NARUTO SHIPPUDEN,4.3444047,129798139,655715,"1,000,000,000+",2153153556,1000000000,0,True,1789011431,1.132.1
2026-09-17T11:28:09.413500+00:00,Action,com.activision.callofduty.shooter,Call of Duty®: Mobile,4.2589073,16559738,810665,"100,000,000+",425361966,100000000,0,True,1788210620,1.0.57
2026-09-17T11:28:09.413500+00:00,Action,com.epicgames.fortnite,Fortnite,4.630989,502358,34842,"10,000,000+",36344133,10000000,0,True,1789163315,42.20.0-57985559-Android
2026-09-17T11:28:09.413500+00:00,Action,com.tencent.ig,PUBG MOBILE,4.3200974,48653063,860177,"1,000,000,000+",1113197512,1000000000,0,True,1787890096,4.6.0
2026-09-17T11:28:09.413500+00:00,Action,com.supercell.brawlstars,Brawl Stars,4.200414,26116363,327253,"500,000,000+",552081322,500000000,0,True,1788519695,69.252
2026-09-17T11:28:09.413500+00:00,Action,com.dts.freefiremax,Free Fire MAX x NARUTO,4.466341,31904200,70119,"500,000,000+",952541775,500000000,0,True,1789012257,2.132.1
2026-09-17T11:28:09.413500+00:00,Arcade,com.king.candycrushsaga,Candy Crush Saga,4.62866,38925951,2088962,"1,000,000,000+",2331401934,1000000000,0,True,1788871614,1.336.2.1
2026-09-17T11:28:09.413500+00:00,Arcade,air.com.hypah.io.slither,slither.io,3.9030983,6548432,302428,"500,000,000+",603441460,500000000,0,True,1762688138,Varies with device
2026-09-17T11:28:09.413500+00:00,Arcade,com.halfbrick.fruitninjafree,Fruit Ninja®,4.401527,5330744,212839,"500,000,000+",641430721,500000000,0,True,1789014295,3.97.8
2026-09-17T11:28:09.413500+00:00,Arcade,com.ketchapp.stack,Stack,4.117896,445900,20916,"50,000,000+",70263172,50000000,0,True,1787818849,4.0.7
2026-09-17T11:28:09.413500+00:00,Arcade,com.halfbrick.jetpackjoyride,Jetpack Joyride,4.4446173,4754077,193189,"100,000,000+",292431333,100000000,0,True,1772404237,1.104.1
2026-09-17T11:28:09.413500+00:00,Arcade,com.imangi.templerun2,Temple Run 2,4.0767417,9833995,371124,"1,000,000,000+",1236474437,1000000000,0,True,1788897727,1.135.1
2026-09-17T11:28:09.413500+00:00,Arcade,com.kiloo.subwaysurf,Subway Surfers,4.5500817,41544214,1752932,"1,000,000,000+",2935406796,1000000000,0,True,1789054396,3.69.0
2026-09-17T11:28:09.413500+00:00,Racing,com.gameloft.android.ANMP.GloftA9HM,Asphalt Legends - Racing Game,4.34868,2861382,71906,"100,000,000+",166113622,100000000,0,True,1784894759,52.1.2a
2026-09-17T11:28:09.413500+00:00,Racing,com.miniclip.eightballpool,8 Ball Pool,4.7922387,31752938,984081,"1,000,000,000+",1335648187,1000000000,0,True,1789544901,56.29.2
2026-09-17T11:28:09.413500+00:00,Racing,com.hutchgames.hillclimb,MMX Hill Dash,4.3564806,291150,17371,"10,000,000+",17489723,10000000,0,True,1759432506,2.01.14226
2026-09-17T11:28:09.413500+00:00,Racing,com.gameloft.android.ANMP.GloftA8HM,Asphalt 8 - Car Racing Game,4.583978,11991356,285624,"500,000,000+",575145144,500000000,0,True,1785930343,9.1.0i
2026-09-17T11:28:09.413500+00:00,Adventure,com.mojang.minecraftpe,"Minecraft: Dream it, Build it!",4.3108244,5831790,634824,"50,000,000+",97438900,50000000,6.99,False,1789496018,1.26.51.1
2026-09-17T11:28:09.413500+00:00,Adventure,com.roblox.client,Roblox,4.210103,52198648,3666873,"1,000,000,000+",1696639213,1000000000,0,True,1789579727,Varies with device
2026-09-17T11:28:09.413500+00:00,Adventure,com.innersloth.spacemafia,Among Us,3.923198,13658281,529537,"500,000,000+",795684182,500000000,0,True,1786398116,2026.8.18
2026-09-17T11:28:09.413500+00:00,Puzzle,com.king.candycrushsodasaga,Candy Crush Soda Saga,4.575056,8851441,390308,"500,000,000+",624991116,500000000,0,True,1789376998,1.327.2
2026-09-17T11:28:09.413500+00:00,Puzzle,com.easybrain.sudoku.android,Sudoku.com - Sudoku Puzzle,4.735012,2490381,86429,"100,000,000+",107844038,100000000,0,True,1788549464,7.8.0
2026-09-17T11:28:09.413500+00:00,Puzzle,com.gramgames.mergedragons,Merge Dragons!,4.456655,1414172,146235,"50,000,000+",63818016,50000000,0,True,1789558634,13.15.0
2026-09-17T11:28:09.413500+00:00,Puzzle,com.easybrain.block.puzzle.games,Blockudoku®: Block Puzzle Game,4.6253214,1293993,32948,"100,000,000+",123092635,100000000,0,True,1789479902,3.30.0
2026-09-17T11:28:09.413500+00:00,Casual,com.supercell.hayday,Hay Day,4.373073,13101570,415052,"100,000,000+",371711549,100000000,0,True,1786968591,1.72.86
2026-09-17T11:28:09.413500+00:00,Casual,com.playrix.homescapes,Homescapes,4.7282543,13370351,370829,"500,000,000+",521493061,500000000,0,True,1789640169,9.1.102
2026-09-17T11:28:09.413500+00:00,Casual,com.playrix.township,Township,4.690067,12886363,374018,"500,000,000+",520862415,500000000,0,True,1789580204,Varies with device
2026-09-17T11:28:09.413500+00:00,Strategy,com.supercell.clashofclans,Clash of Clans,4.522856,61345631,1969129,"500,000,000+",881566680,500000000,0,True,1788871046,18.600.5
2026-09-17T11:28:09.413500+00:00,Strategy,com.supercell.clashroyale,Clash Royale,4.4393725,41727619,971438,"500,000,000+",633121204,500000000,0,True,1789044207,160402002
2026-09-17T11:28:09.413500+00:00,Strategy,com.igg.android.lordsmobile,Lords Mobile x Transformers,4.484319,9171919,181415,"500,000,000+",628650033,500000000,0,True,1788233284,2.201
2026-09-17T11:28:09.413500+00:00,Strategy,com.supercell.boombeach,Boom Beach: War Strategy Game,4.4446144,6249153,289048,"100,000,000+",107885469,100000000,0,True,1789144684,63.202
2026-09-17T11:28:09.413500+00:00,Card,com.mobilityware.solitaire,Solitaire - Classic Card Games,4.557816,1798309,203963,"100,000,000+",151878568,100000000,0,True,1787674641,9.7.0.6614
2026-09-17T11:28:09.413500+00:00,Casino,com.doubledown.casino,2 Down Casino,,,,500+,512,500,0,True,1782301205,1.0
2026-09-17T11:28:09.413500+00:00,Role Playing,com.garena.game.codm,Call of Duty®: Mobile - Garena,4.084112,3931659,878,"50,000,000+",97805115,50000000,0,True,1788177120,1.6.57
2026-09-17T11:28:09.413500+00:00,Simulation,com.ea.games.simsfreeplay_row,The Sims™ FreePlay,4.6134453,5769547,65105,"100,000,000+",239326778,100000000,0,True,1787841647,117.1.280231
2026-09-17T11:28:09.413500+00:00,Simulation,com.outfit7.mytalkingtom2,My Talking Tom 2: Pet Game,4.292518,6748372,51008,"1,000,000,000+",1125666913,1000000000,0,True,1788778304,Varies with device
2026-09-17T11:28:09.413500+00:00,Sports,com.ea.gp.fifamobile,EA SPORTS FC Soccer Mobile 26,4.6111083,22922398,242732,"500,000,000+",797603947,500000000,0,True,1784864666,27.0.04
2026-09-17T11:28:09.413500+00:00,Board,com.king.farmheroessaga,Farm Heroes Saga,4.6383333,9818617,431254,"100,000,000+",433236264,100000000,0,True,1789413305,6.98.14
2026-09-17T11:28:09.413500+00:00,Trivia,com.scopely.wheeloffortune,Wheel of Fortune Official Game,4.6051164,425750,120327,"10,000,000+",29049377,10000000,0,True,1789495500,4.11.1
2026-09-17T11:28:09.413500+00:00,Trivia,com.etermax.preguntados.lite,Trivia Crack: Brain Quiz Games,4.465113,7859269,524331,"100,000,000+",267999304,100000000,0,True,1789583429,3.387.0
2026-09-17T11:28:09.413500+00:00,Word,com.zynga.words,Classic Words With Friends,4.2482886,1679267,554642,"50,000,000+",55543479,50000000,0,True,1787600915,59.01.01
2026-09-18T11:01:18.954364+00:00,Action,com.pubg.imobile,BGMI: FPS Battle Royale,4.3672924,7601586,951,"100,000,000+",271457195,100000000,0,True,1788932413,4.6.0
2026-09-18T11:01:18.954364+00:00,Action,com.miHoYo.GenshinImpact,Genshin Impact,3.2746642,5229176,133465,"100,000,000+",144418793,100000000,0,True,,Varies with device
2026-09-18T11:01:18.954364+00:00,Action,com.dts.freefireth,Free Fire x NARUTO SHIPPUDEN,4.3456573,129843754,655776,"1,000,000,000+",2153153556,1000000000,0,True,1789011431,1.132.1
2026-09-18T11:01:18.954364+00:00,Action,com.activision.callofduty.shooter,Call of Duty®: Mobile,4.2588515,16560138,810681,"100,000,000+",425361966,100000000,0,True,1788210620,1.0.57
2026-09-18T11:01:18.954364+00:00,Action,com.epicgames.fortnite,Fortnite,4.630919,502774,34880,"10,000,000+",36344133,10000000,0,True,1789163315,42.20.0-57985559-Android
2026-09-18T11:01:18.954364+00:00,Action,com.tencent.ig,PUBG MOBILE,4.3200307,48653974,860199,"1,000,000,000+",1113197512,1000000000,0,True,1787890096,4.6.0
2026-09-18T11:01:18.954364+00:00,Action,com.supercell.brawlstars,Brawl Stars,4.2001357,26116495,327274,"500,000,000+",552081322,500000000,0,True,1788519695,69.252
2026-09-18T11:01:18.954364+00:00,Action,com.dts.freefiremax,Free Fire MAX x NARUTO,4.461902,31947213,70149,"500,000,000+",952541775,500000000,0,True,1789012257,2.132.1
2026-09-18T11:01:18.954364+00:00,Arcade,com.king.candycrushsaga,Candy Crush Saga,4.628665,38926989,2088979,"1,000,000,000+",2331401934,1000000000,0,True,1788871614,1.336.2.1
2026-09-18T11:01:18.954364+00:00,Arcade,air.com.hypah.io.slither,slither.io,3.9031954,6548410,302425,"500,000,000+",603441460,500000000,0,True,1762688138,Varies with device
2026-09-18T11:01:18.954364+00:00,Arcade,com.halfbrick.fruitninjafree,Fruit Ninja®,4.4003673,5330757,212841,"500,000,000+",641430721,500000000,0,True,1789014295,3.97.8
2026-09-18T11:01:18.954364+00:00,Arcade,com.ketchapp.stack,Stack,4.1182075,445916,20917,"50,000,000+",70263172,50000000,0,True,1789658547,4.0.7
2026-09-18T11:01:18.954364+00:00,Arcade,com.halfbrick.jetpackjoyride,Jetpack Joyride,4.444761,4754050,193188,"100,000,000+",292431333,100000000,0,True,1772404237,1.104.1
2026-09-18T11:01:18.954364+00:00,Arcade,com.imangi.templerun2,Temple Run 2,4.076882,9834060,371123,"1,000,000,000+",1236474437,1000000000,0,True,1788897727,1.135.1
2026-09-18T11:01:18.954364+00:00,Arcade,com.kiloo.subwaysurf,Subway Surfers,4.550004,41544916,1752933,"1,000,000,000+",2935406796,1000000000,0,True,1789652925,3.69.0
2026-09-18T11:01:18.954364+00:00,Racing,com.gameloft.android.ANMP.GloftA9HM,Asphalt Legends - Racing Game,4.348696,2861387,71906,"100,000,000+",166113622,100000000,0,True,1784894759,52.1.2a
2026-09-18T11:01:18.954364+00:00,Racing,com.miniclip.eightballpool,8 Ball Pool,4.792163,31756715,984116,"1,000,000,000+",1335648187,1000000000,0,True,1789544901,56.30.0
2026-09-18T11:01:18.954364+00:00,Racing,com.hutchgames.hillclimb,MMX Hill Dash,4.3564806,291147,17371,"10,000,000+",17489723,10000000,0,True,1759432506,2.01.14226
2026-09-18T11:01:18.954364+00:00,Racing,com.gameloft.android.ANMP.GloftA8HM,Asphalt 8 - Car Racing Game,4.583973,11992033,285630,"500,000,000+",575145144,500000000,0,True,1785930343,9.1.0i
2026-09-18T11:01:18.954364+00:00,Adventure,com.mojang.minecraftpe,"Minecraft: Dream it, Build it!",4.310696,5833361,634841,"50,000,000+",97438900,50000000,6.99,False,1789496018,1.26.51.1
2026-09-18T11:01:18.954364+00:00,Adventure,com.roblox.client,Roblox,4.211032,52252062,3667054,"1,000,000,000+",1696639213,1000000000,0,True,1789579727,Varies with device
2026-09-18T11:01:18.954364+00:00,Adventure,com.innersloth.spacemafia,Among Us,3.9232507,13658417,529540,"500,000,000+",795684182,500000000,0,True,1786398116,2026.8.18
2026-09-18T11:01:18.954364+00:00,Puzzle,com.king.candycrushsodasaga,Candy Crush Soda Saga,4.575105,8851495,390318,"500,000,000+",624991116,500000000,0,True,1789376998,1.327.2
2026-09-18T11:01:18.954364+00:00,Puzzle,com.easybrain.sudoku.android,Sudoku.com - Sudoku Puzzle,4.735038,2491266,86441,"100,000,000+",107844038,100000000,0,True,1788549464,7.8.0
2026-09-18T11:01:18.954364+00:00,Puzzle,com.gramgames.mergedragons,Merge Dragons!,4.456512,1414188,146238,"50,000,000+",63818016,50000000,0,True,1789558634,13.15.0
2026-09-18T11:01:18.954364+00:00,Puzzle,com.easybrain.block.puzzle.games,Blockudoku®: Block Puzzle Game,4.625321,1294124,32949,"100,000,000+",123092635,100000000,0,True,1789479902,3.30.0
2026-09-18T11:01:18.954364+00:00,Casual,com.supercell.hayday,Hay Day,4.3730464,13101717,415059,"100,000,000+",371711549,100000000,0,True,1786968591,1.72.86
2026-09-18T11:01:18.954364+00:00,Casual,com.playrix.homescapes,Homescapes,4.7282906,13370647,370831,"500,000,000+",521493061,500000000,0,True,1789640169,9.1.102
2026-09-18T11:01:18.954364+00:00,Casual,com.playrix.township,Township,4.6894865,12887684,374049,"500,000,000+",520862415,500000000,0,True,1789580204,Varies with device
2026-09-18T11:01:18.954364+00:00,Strategy,com.supercell.clashofclans,Clash of Clans,4.523009,61346418,1969133,"500,000,000+",881566680,500000000,0,True,1788871046,18.600.5
2026-09-18T11:01:18.954364+00:00,Strategy,com.supercell.clashroyale,Clash Royale,4.4393225,41730420,971463,"500,000,000+",633121204,500000000,0,True,1789044207,160402002
2026-09-18T11:01:18.954364+00:00,Strategy,com.igg.android.lordsmobile,Lords Mobile x Transformers,4.4832473,9172009,181423,"500,000,000+",628650033,500000000,0,True,1788233284,2.201
2026-09-18T11:01:18.954364+00:00,Strategy,com.supercell.boombeach,Boom Beach: War Strategy Game,4.445158,6249197,289047,"100,000,000+",107885469,100000000,0,True,1789144684,63.202
2026-09-18T11:01:18.954364+00:00,Card,com.mobilityware.solitaire,Solitaire - Classic Card Games,4.557662,1798341,203961,"100,000,000+",151878568,100000000,0,True,1787674641,9.7.0.6614
2026-09-18T11:01:18.954364+00:00,Casino,com.doubledown.casino,2 Down Casino,,,,500+,512,500,0,True,1782301205,1.0
2026-09-18T11:01:18.954364+00:00,Role Playing,com.garena.game.codm,Call of Duty®: Mobile - Garena,4.084112,3931710,878,"50,000,000+",97805115,50000000,0,True,1788177120,1.6.57
2026-09-18T11:01:18.954364+00:00,Simulation,com.ea.games.simsfreeplay_row,The Sims™ FreePlay,4.6134453,5769543,65105,"100,000,000+",239326778,100000000,0,True,1787841647,117.1.280231
2026-09-18T11:01:18.954364+00:00,Simulation,com.outfit7.mytalkingtom2,My Talking Tom 2: Pet Game,4.29228,6748260,51007,"1,000,000,000+",1125666913,1000000000,0,True,1788778304,Varies with device
2026-09-18T11:01:18.954364+00:00,Sports,com.ea.gp.fifamobile,EA SPORTS FC Soccer Mobile 26,4.6112995,22927575,242747,"500,000,000+",797603947,500000000,0,True,1784864666,27.0.04
2026-09-18T11:01:18.954364+00:00,Board,com.king.farmheroessaga,Farm Heroes Saga,4.638552,9818654,431266,"100,000,000+",433236264,100000000,0,True,1789413305,6.98.14
2026-09-18T11:01:18.954364+00:00,Trivia,com.scopely.wheeloffortune,Wheel of Fortune Official Game,4.605225,425746,120327,"10,000,000+",29049377,10000000,0,True,1789495500,4.12
2026-09-18T11:01:18.954364+00:00,Trivia,com.etermax.preguntados.lite,Trivia Crack: Brain Quiz Games,4.4646688,7859280,524327,"100,000,000+",267999304,100000000,0,True,1789583429,3.387.0
2026-09-18T11:01:18.954364+00:00,Word,com.zynga.words,Classic Words With Friends,4.2464623,1679251,554637,"50,000,000+",55543479,50000000,0,True,1787600915,59.01.01
2026-09-19T10:44:24.835125+00:00,Action,com.pubg.imobile,BGMI: FPS Battle Royale,4.3672924,7604378,951,"100,000,000+",271457195,100000000,0,True,1788932413,4.6.0
2026-09-19T10:44:24.835125+00:00,Action,com.miHoYo.GenshinImpact,Genshin Impact,3.2748349,5229631,133467,"100,000,000+",144418793,100000000,0,True,,Varies with device
2026-09-19T10:44:24.835125+00:00,Action,com.dts.freefireth,Free Fire x NARUTO SHIPPUDEN,4.346129,129868670,655832,"1,000,000,000+",2153153556,1000000000,0,True,1789011431,1.132.1
2026-09-19T10:44:24.835125+00:00,Action,com.activision.callofduty.shooter,Call of Duty®: Mobile,4.258897,16560755,810686,"100,000,000+",425361966,100000000,0,True,1788210620,1.0.57
2026-09-19T10:44:24.835125+00:00,Action,com.epicgames.fortnite,Fortnite,4.6297803,503628,34906,"10,000,000+",36344133,10000000,0,True,1789163315,42.20.0-57985559-Android
2026-09-19T10:44:24.835125+00:00,Action,com.tencent.ig,PUBG MOBILE,4.3197684,48655974,860221,"1,000,000,000+",1113197512,1000000000,0,True,1787890096,4.6.0
2026-09-19T10:44:24.835125+00:00,Action,com.supercell.brawlstars,Brawl Stars,4.2000647,26117671,327286,"500,000,000+",552081322,500000000,0,True,1788519695,69.252
2026-09-19T10:44:24.835125+00:00,Action,com.dts.freefiremax,Free Fire MAX x NARUTO,4.4620166,31967348,70165,"500,000,000+",952541775,500000000,0,True,1789012257,2.132.1
2026-09-19T10:44:24.835125+00:00,Arcade,com.king.candycrushsaga,Candy Crush Saga,4.6288533,38928357,2089027,"1,000,000,000+",2331401934,1000000000,0,True,1788871614,1.336.2.1
2026-09-19T10:44:24.835125+00:00,Arcade,air.com.hypah.io.slither,slither.io,3.9043937,6548444,302425,"500,000,000+",603441460,500000000,0,True,1762688138,Varies with device
2026-09-19T10:44:24.835125+00:00,Arcade,com.halfbrick.fruitninjafree,Fruit Ninja®,4.3987346,5330840,212845,"500,000,000+",641430721,500000000,0,True,1789014295,3.97.8
2026-09-19T10:44:24.835125+00:00,Arcade,com.ketchapp.stack,Stack,4.1221867,445930,20917,"50,000,000+",70263172,50000000,0,True,1789658547,4.0.7
2026-09-19T10:44:24.835125+00:00,Arcade,com.halfbrick.jetpackjoyride,Jetpack Joyride,4.4453535,4754051,193189,"100,000,000+",292431333,100000000,0,True,1772404237,1.104.1
2026-09-19T10:44:24.835125+00:00,Arcade,com.imangi.templerun2,Temple Run 2,4.075198,9834218,371123,"1,000,000,000+",1236474437,1000000000,0,True,1788897727,1.135.1
2026-09-19T10:44:24.835125+00:00,Arcade,com.kiloo.subwaysurf,Subway Surfers,4.5496354,41546426,1752935,"1,000,000,000+",2935406796,1000000000,0,True,1789652925,3.69.0
2026-09-19T10:44:24.835125+00:00,Racing,com.gameloft.android.ANMP.GloftA9HM,Asphalt Legends - Racing Game,4.348618,2861443,71909,"100,000,000+",166113622,100000000,0,True,1784894759,52.1.2a
2026-09-19T10:44:24.835125+00:00,Racing,com.miniclip.eightballpool,8 Ball Pool,4.7923493,31761709,984157,"1,000,000,000+",1335648187,1000000000,0,True,1789734705,56.30.0
2026-09-19T10:44:24.835125+00:00,Racing,com.hutchgames.hillclimb,MMX Hill Dash,4.360411,291148,17371,"10,000,000+",17489723,10000000,0,True,1759432506,2.01.14226
2026-09-19T10:44:24.835125+00:00,Racing,com.gameloft.android.ANMP.GloftA8HM,Asphalt 8 - Car Racing Game,4.5836344,11993004,285633,"500,000,000+",575145144,500000000,0,True,1785930343,9.1.0i
2026-09-19T10:44:24.835125+00:00,Adventure,com.mojang.minecraftpe,"Minecraft: Dream it, Build it!",4.309145,5834955,634881,"50,000,000+",97438900,50000000,6.99,False,1789496018,1.26.51.1
2026-09-19T10:44:24.835125+00:00,Adventure,com.roblox.client,Roblox,4.2119746,52311643,3667198,"1,000,000,000+",1696639213,1000000000,0,True,1789579727,Varies with device
2026-09-19T10:44:24.835125+00:00,Adventure,com.innersloth.spacemafia,Among Us,3.923344,13658908,529553,"500,000,000+",795684182,500000000,0,True,1786398116,2026.8.18
2026-09-19T10:44:24.835125+00:00,Puzzle,com.king.candycrushsodasaga,Candy Crush Soda Saga,4.5757213,8851698,390322,"500,000,000+",624991116,500000000,0,True,1789376998,1.327.2
2026-09-19T10:44:24.835125+00:00,Puzzle,com.easybrain.sudoku.android,Sudoku.com - Sudoku Puzzle,4.7350187,2492137,86453,"100,000,000+",107844038,100000000,0,True,1788549464,7.8.0
2026-09-19T10:44:24.835125+00:00,Puzzle,com.gramgames.mergedragons,Merge Dragons!,4.4564056,1414213,146246,"50,000,000+",63818016,50000000,0,True,1789558634,13.15.0
2026-09-19T10:44:24.835125+00:00,Puzzle,com.easybrain.block.puzzle.games,Blockudoku®: Block Puzzle Game,4.6253514,1294299,32949,"100,000,000+",123092635,100000000,0,True,1789479902,3.30.0
2026-09-19T10:44:24.835125+00:00,Casual,com.supercell.hayday,Hay Day,4.3793116,13102120,415070,"100,000,000+",371711549,100000000,0,True,1786968591,1.72.86
2026-09-19T10:44:24.835125+00:00,Casual,com.playrix.homescapes,Homescapes,4.7283382,13371112,370833,"500,000,000+",521493061,500000000,0,True,1789640169,9.1.601
2026-09-19T10:44:24.835125+00:00,Casual,com.playrix.township,Township,4.6884933,12889142,374088,"500,000,000+",520862415,500000000,0,True,1789580204,Varies with device
2026-09-19T10:44:24.835125+00:00,Strategy,com.supercell.clashofclans,Clash of Clans,4.524114,61348012,1969142,"500,000,000+",881566680,500000000,0,True,1788871046,18.600.5
2026-09-19T10:44:24.835125+00:00,Strategy,com.supercell.clashroyale,Clash Royale,4.436118,41733957,971482,"500,000,000+",633121204,500000000,0,True,1789044207,160402002
2026-09-19T10:44:24.835125+00:00,Strategy,com.igg.android.lordsmobile,Lords Mobile x Transformers,4.4827595,9172307,181429,"500,000,000+",628650033,500000000,0,True,1788233284,2.201
2026-09-19T10:44:24.835125+00:00,Strategy,com.supercell.boombeach,Boom Beach: War Strategy Game,4.444825,6249294,289046,"100,000,000+",107885469,100000000,0,True,1789144684,63.202
2026-09-19T10:44:24.835125+00:00,Card,com.mobilityware.solitaire,Solitaire - Classic Card Games,4.5572405,1798397,203962,"100,000,000+",151878568,100000000,0,True,1787674641,9.7.0.6614
2026-09-19T10:44:24.835125+00:00,Casino,com.doubledown.casino,2 Down Casino,,,,500+,513,500,0,True,1782301205,1.0
2026-09-19T10:44:24.835125+00:00,Role Playing,com.garena.game.codm,Call of Duty®: Mobile - Garena,4.084112,3931868,878,"50,000,000+",97805115,50000000,0,True,1788177120,1.6.57
2026-09-19T10:44:24.835125+00:00,Simulation,com.ea.games.simsfreeplay_row,The Sims™ FreePlay,4.6134453,5769585,65105,"100,000,000+",239326778,100000000,0,True,1787841647,117.1.280231
2026-09-19T10:44:24.835125+00:00,Simulation,com.outfit7.mytalkingtom2,My Talking Tom 2: Pet Game,4.292225,6748575,51009,"1,000,000,000+",1125666913,1000000000,0,True,1788778304,Varies with device
2026-09-19T10:44:24.835125+00:00,Sports,com.ea.gp.fifamobile,EA SPORTS FC Soccer Mobile 26,4.61169,22934919,242779,"500,000,000+",797603947,500000000,0,True,1784864666,27.0.04
2026-09-19T10:44:24.835125+00:00,Board,com.king.farmheroessaga,Farm Heroes Saga,4.6387506,9818777,431278,"100,000,000+",433236264,100000000,0,True,1789413305,6.98.14
2026-09-19T10:44:24.835125+00:00,Trivia,com.scopely.wheeloffortune,Wheel of Fortune Official Game,4.60267,425749,120327,"10,000,000+",29049377,10000000,0,True,1789495500,4.12
2026-09-19T10:44:24.835125+00:00,Trivia,com.etermax.preguntados.lite,Trivia Crack: Brain Quiz Games,4.463365,7859364,524329,"100,000,000+",267999304,100000000,0,True,1789583429,3.387.0
2026-09-19T10:44:24.835125+00:00,Word,com.zynga.words,Classic Words With Friends,4.273218,1679251,554646,"50,000,000+",55543479,50000000,0,True,1787600915,59.01.01
2026-09-19T14:42:37.294561+00:00,Action,com.pubg.imobile,BGMI: FPS Battle Royale,4.3672924,7604957,951,"100,000,000+",271457195,100000000,0,True,1788932413,4.6.0
2026-09-19T14:42:37.294561+00:00,Action,com.miHoYo.GenshinImpact,Genshin Impact,3.2748947,5229714,133467,"100,000,000+",144418793,100000000,0,True,,Varies with device
2026-09-19T14:42:37.294561+00:00,Action,com.dts.freefireth,Free Fire x NARUTO SHIPPUDEN,4.3461657,129873994,655840,"1,000,000,000+",2153153556,1000000000,0,True,1789011431,1.132.1
2026-09-19T14:42:37.294561+00:00,Action,com.activision.callofduty.shooter,Call of Duty®: Mobile,4.2588596,16560867,810688,"100,000,000+",425361966,100000000,0,True,1788210620,1.0.57
2026-09-19T14:42:37.294561+00:00,Action,com.epicgames.fortnite,Fortnite,4.6264462,503764,34909,"10,000,000+",36344133,10000000,0,True,1789163315,42.20.0-57985559-Android
2026-09-19T14:42:37.294561+00:00,Action,com.tencent.ig,PUBG MOBILE,4.319812,48656457,860220,"1,000,000,000+",1113197512,1000000000,0,True,1787890096,4.6.0
2026-09-19T14:42:37.294561+00:00,Action,com.supercell.brawlstars,Brawl Stars,4.2000647,26117979,327293,"500,000,000+",552081322,500000000,0,True,1788519695,69.252
2026-09-19T14:42:37.294561+00:00,Action,com.dts.freefiremax,Free Fire MAX x NARUTO,4.4630747,31973009,70166,"500,000,000+",952541775,500000000,0,True,1789012257,2.132.1
2026-09-19T14:42:37.294561+00:00,Arcade,com.king.candycrushsaga,Candy Crush Saga,4.6288476,38928621,2089032,"1,000,000,000+",2331401934,1000000000,0,True,1788871614,1.336.2.1
2026-09-19T14:42:37.294561+00:00,Arcade,air.com.hypah.io.slither,slither.io,3.9043937,6548446,302425,"500,000,000+",603441460,500000000,0,True,1762688138,Varies with device
2026-09-19T14:42:37.294561+00:00,Arcade,com.halfbrick.fruitninjafree,Fruit Ninja®,4.3988714,5330849,212844,"500,000,000+",641430721,500000000,0,True,1789014295,3.97.8
2026-09-19T14:42:37.294561+00:00,Arcade,com.ketchapp.stack,Stack,4.1225,445934,20917,"50,000,000+",70263172,50000000,0,True,1789658547,4.0.7
2026-09-19T14:42:37.294561+00:00,Arcade,com.halfbrick.jetpackjoyride,Jetpack Joyride,4.4453535,4754050,193190,"100,000,000+",292431333,100000000,0,True,1772404237,1.104.1
2026-09-19T14:42:37.294561+00:00,Arcade,com.imangi.templerun2,Temple Run 2,4.0752754,9834265,371123,"1,000,000,000+",1236474437,1000000000,0,True,1788897727,1.135.1
2026-09-19T14:42:37.294561+00:00,Arcade,com.kiloo.subwaysurf,Subway Surfers,4.5496244,41546739,1752941,"1,000,000,000+",2935406796,1000000000,0,True,1789652925,3.69.0
2026-09-19T14:42:37.294561+00:00,Racing,com.gameloft.android.ANMP.GloftA9HM,Asphalt Legends - Racing Game,4.3484244,2861459,71910,"100,000,000+",166113622,100000000,0,True,1784894759,52.1.2a
2026-09-19T14:42:37.294561+00:00,Racing,com.miniclip.eightballpool,8 Ball Pool,4.792335,31762754,984160,"1,000,000,000+",1335648187,1000000000,0,True,1789734705,56.30.0
2026-09-19T14:42:37.294561+00:00,Racing,com.hutchgames.hillclimb,MMX Hill Dash,4.360411,291148,17371,"10,000,000+",17489723,10000000,0,True,1759432506,2.01.14226
2026-09-19T14:42:37.294561+00:00,Racing,com.gameloft.android.ANMP.GloftA8HM,Asphalt 8 - Car Racing Game,4.583666,11993217,285633,"500,000,000+",575145144,500000000,0,True,1785930343,9.1.0i
2026-09-19T14:42:37.294561+00:00,Adventure,com.mojang.minecraftpe,"Minecraft: Dream it, Build it!",4.3090034,5835275,634888,"50,000,000+",97438900,50000000,6.99,False,1789496018,1.26.51.1
2026-09-19T14:42:37.294561+00:00,Adventure,com.roblox.client,Roblox,4.212097,52322101,3667224,"1,000,000,000+",1696639213,1000000000,0,True,1789579727,Varies with device
2026-09-19T14:42:37.294561+00:00,Adventure,com.innersloth.spacemafia,Among Us,3.9233365,13659000,529554,"500,000,000+",795684182,500000000,0,True,1786398116,2026.8.18
2026-09-19T14:42:37.294561+00:00,Puzzle,com.king.candycrushsodasaga,Candy Crush Soda Saga,4.5757213,8851731,390323,"500,000,000+",624991116,500000000,0,True,1789376998,1.327.2
2026-09-19T14:42:37.294561+00:00,Puzzle,com.easybrain.sudoku.android,Sudoku.com - Sudoku Puzzle,4.7350006,2492300,86454,"100,000,000+",107844038,100000000,0,True,1788549464,7.8.0
2026-09-19T14:42:37.294561+00:00,Puzzle,com.gramgames.mergedragons,Merge Dragons!,4.4564056,1414222,146246,"50,000,000+",63818016,50000000,0,True,1789558634,13.15.0
2026-09-19T14:42:37.294561+00:00,Puzzle,com.easybrain.block.puzzle.games,Blockudoku®: Block Puzzle Game,4.6253734,1294340,32949,"100,000,000+",123092635,100000000,0,True,1789479902,3.30.0
2026-09-19T14:42:37.294561+00:00,Casual,com.supercell.hayday,Hay Day,4.379432,13102203,415071,"100,000,000+",371711549,100000000,0,True,1786968591,1.72.86
2026-09-19T14:42:37.294561+00:00,Casual,com.playrix.homescapes,Homescapes,4.7283463,13371203,370833,"500,000,000+",521493061,500000000,0,True,1789640169,9.1.601
2026-09-19T14:42:37.294561+00:00,Casual,com.playrix.township,Township,4.6884212,12889463,374087,"500,000,000+",520862415,500000000,0,True,1789580204,Varies with device
2026-09-19T14:42:37.294561+00:00,Strategy,com.supercell.clashofclans,Clash of Clans,4.5241847,61348358,1969144,"500,000,000+",881566680,500000000,0,True,1788871046,18.600.5
2026-09-19T14:42:37.294561+00:00,Strategy,com.supercell.clashroyale,Clash Royale,4.4360642,41734581,971485,"500,000,000+",633121204,500000000,0,True,1789044207,160402002
2026-09-19T14:42:37.294561+00:00,Strategy,com.igg.android.lordsmobile,Lords Mobile x Transformers,4.4822545,9172354,181431,"500,000,000+",628650033,500000000,0,True,1788233284,2.201
2026-09-19T14:42:37.294561+00:00,Strategy,com.supercell.boombeach,Boom Beach: War Strategy Game,4.4441447,6249327,289046,"100,000,000+",107885469,100000000,0,True,1789144684,63.202
2026-09-19T14:42:37.294561+00:00,Card,com.mobilityware.solitaire,Solitaire - Classic Card Games,4.5572166,1798401,203963,"100,000,000+",151878568,100000000,0,True,1787674641,9.7.0.6614
2026-09-19T14:42:37.294561+00:00,Casino,com.doubledown.casino,2 Down Casino,,,,500+,514,500,0,True,1782301205,1.0
2026-09-19T14:42:37.294561+00:00,Role Playing,com.garena.game.codm,Call of Duty®: Mobile - Garena,4.084112,3931909,878,"50,000,000+",97805115,50000000,0,True,1788177120,1.6.57
2026-09-19T14:42:37.294561+00:00,Simulation,com.ea.games.simsfreeplay_row,The Sims™ FreePlay,4.6134453,5769592,65105,"100,000,000+",239326778,100000000,0,True,1787841647,117.1.280231
2026-09-19T14:42:37.294561+00:00,Simulation,com.outfit7.mytalkingtom2,My Talking Tom 2: Pet Game,4.2922645,6748630,51009,"1,000,000,000+",1125666913,1000000000,0,True,1788778304,Varies with device
2026-09-19T14:42:37.294561+00:00,Sports,com.ea.gp.fifamobile,EA SPORTS FC Soccer Mobile 26,4.6117144,22936544,242783,"500,000,000+",797603947,500000000,0,True,1784864666,27.0.04
2026-09-19T14:42:37.294561+00:00,Board,com.king.farmheroessaga,Farm Heroes Saga,4.6389303,9818803,431282,"100,000,000+",433236264,100000000,0,True,1789413305,6.98.14
2026-09-19T14:42:37.294561+00:00,Trivia,com.scopely.wheeloffortune,Wheel of Fortune Official Game,4.60267,425749,120327,"10,000,000+",29049377,10000000,0,True,1789495500,4.12
2026-09-19T14:42:37.294561+00:00,Trivia,com.etermax.preguntados.lite,Trivia Crack: Brain Quiz Games,4.463365,7859369,524330,"100,000,000+",267999304,100000000,0,True,1789583429,3.387.0
2026-09-19T14:42:37.294561+00:00,Word,com.zynga.words,Classic Words With Friends,4.273218,1679251,554648,"50,000,000+",55543479,50000000,0,True,1787600915,59.01.01
2026-09-20T11:07:43.140313+00:00,Action,com.pubg.imobile,BGMI: FPS Battle Royale,4.3672924,7606800,951,"100,000,000+",271457195,100000000,0,True,1788932413,4.6.0
2026-09-20T11:07:43.140313+00:00,Action,com.miHoYo.GenshinImpact,Genshin Impact,3.2750857,5230034,133476,"100,000,000+",144418793,100000000,0,True,,Varies with device
2026-09-20T11:07:43.140313+00:00,Action,com.dts.freefireth,Free Fire x NARUTO SHIPPUDEN,4.3465405,129890041,655891,"1,000,000,000+",2153153556,1000000000,0,True,1789011431,1.132.1
2026-09-20T11:07:43.140313+00:00,Action,com.activision.callofduty.shooter,Call of Duty®: Mobile,4.2588253,16561249,810703,"100,000,000+",425361966,100000000,0,True,1788210620,1.0.57
2026-09-20T11:07:43.140313+00:00,Action,com.epicgames.fortnite,Fortnite,4.6265807,504420,34932,"10,000,000+",36344133,10000000,0,True,1789163315,42.20.0-57985559-Android
2026-09-20T11:07:43.140313+00:00,Action,com.tencent.ig,PUBG MOBILE,4.3196883,48657579,860234,"1,000,000,000+",1113197512,1000000000,0,True,1787890096,4.6.0
2026-09-20T11:07:43.140313+00:00,Action,com.supercell.brawlstars,Brawl Stars,4.2001357,26119216,327333,"500,000,000+",552081322,500000000,0,True,1788519695,69.252
2026-09-20T11:07:43.140313+00:00,Action,com.dts.freefiremax,Free Fire MAX x NARUTO,4.463645,31987028,70179,"500,000,000+",952541775,500000000,0,True,1789012257,2.132.1
2026-09-20T11:07:43.140313+00:00,Arcade,com.king.candycrushsaga,Candy Crush Saga,4.628985,38929485,2089055,"1,000,000,000+",2331401934,1000000000,0,True,1788871614,1.336.2.1
2026-09-20T11:07:43.140313+00:00,Arcade,air.com.hypah.io.slither,slither.io,3.9044383,6548445,302422,"500,000,000+",603441460,500000000,0,True,1762688138,Varies with device
2026-09-20T11:07:43.140313+00:00,Arcade,com.halfbrick.fruitninjafree,Fruit Ninja®,4.39741,5330900,212850,"500,000,000+",641430721,500000000,0,True,1789014295,3.97.8
2026-09-20T11:07:43.140313+00:00,Arcade,com.ketchapp.stack,Stack,4.125894,445947,20917,"50,000,000+",70263172,50000000,0,True,1789658547,4.0.7
2026-09-20T11:07:43.140313+00:00,Arcade,com.halfbrick.jetpackjoyride,Jetpack Joyride,4.444851,4754041,193190,"100,000,000+",292431333,100000000,0,True,1772404237,1.104.1
2026-09-20T11:07:43.140313+00:00,Arcade,com.imangi.templerun2,Temple Run 2,4.0749288,9834394,371124,"1,000,000,000+",1236474437,1000000000,0,True,1788897727,1.135.1
2026-09-20T11:07:43.140313+00:00,Arcade,com.kiloo.subwaysurf,Subway Surfers,4.549687,41547712,1752954,"1,000,000,000+",2935406796,1000000000,0,True,1789652925,3.69.0
2026-09-20T11:07:43.140313+00:00,Racing,com.gameloft.android.ANMP.GloftA9HM,Asphalt Legends - Racing Game,4.3481326,2861509,71911,"100,000,000+",166113622,100000000,0,True,1784894759,52.1.2a
2026-09-20T11:07:43.140313+00:00,Racing,com.miniclip.eightballpool,8 Ball Pool,4.7925534,31766600,984189,"1,000,000,000+",1335648187,1000000000,0,True,1789734705,56.30.0
2026-09-20T11:07:43.140313+00:00,Racing,com.hutchgames.hillclimb,MMX Hill Dash,4.359509,291150,17371,"10,000,000+",17489723,10000000,0,True,1759432506,2.01.14226
2026-09-20T11:07:43.140313+00:00,Racing,com.gameloft.android.ANMP.GloftA8HM,Asphalt 8 - Car Racing Game,4.5831575,11993980,285638,"500,000,000+",575145144,500000000,0,True,1785930343,9.1.0i
2026-09-20T11:07:43.140313+00:00,Adventure,com.mojang.minecraftpe,"Minecraft: Dream it, Build it!",4.3084865,5836580,634901,"50,000,000+",97438900,50000000,6.99,False,1789496018,1.26.51.1
2026-09-20T11:07:43.140313+00:00,Adventure,com.roblox.client,Roblox,4.2129407,52355228,3667361,"1,000,000,000+",1696639213,1000000000,0,True,1789579727,Varies with device
2026-09-20T11:07:43.140313+00:00,Adventure,com.innersloth.spacemafia,Among Us,3.9236,13659321,529563,"500,000,000+",795684182,500000000,0,True,1786398116,2026.8.18
2026-09-20T11:07:43.140313+00:00,Puzzle,com.king.candycrushsodasaga,Candy Crush Soda Saga,4.575697,8851822,390330,"500,000,000+",624991116,500000000,0,True,1789376998,1.327.2
2026-09-20T11:07:43.140313+00:00,Puzzle,com.easybrain.sudoku.android,Sudoku.com - Sudoku Puzzle,4.735006,2493039,86468,"100,000,000+",107844038,100000000,0,True,1788549464,7.8.0
2026-09-20T11:07:43.140313+00:00,Puzzle,com.gramgames.mergedragons,Merge Dragons!,4.4562583,1414248,146250,"50,000,000+",63818016,50000000,0,True,1789558634,13.15.0
2026-09-20T11:07:43.140313+00:00,Puzzle,com.easybrain.block.puzzle.games,Blockudoku®: Block Puzzle Game,4.6262937,1294479,32950,"100,000,000+",123092635,100000000,0,True,1789479902,3.30.0
2026-09-20T11:07:43.140313+00:00,Casual,com.supercell.hayday,Hay Day,4.37966,13102478,415076,"100,000,000+",371711549,100000000,0,True,1786968591,1.72.86
2026-09-20T11:07:43.140313+00:00,Casual,com.playrix.homescapes,Homescapes,4.7283554,13371562,370836,"500,000,000+",521493061,500000000,0,True,1789640169,9.1.601
2026-09-20T11:07:43.140313+00:00,Casual,com.playrix.township,Township,4.6883607,12890654,374114,"500,000,000+",520862415,500000000,0,True,1789580204,Varies with device
2026-09-20T11:07:43.140313+00:00,Strategy,com.supercell.clashofclans,Clash of Clans,4.5241694,61349540,1969155,"500,000,000+",881566680,500000000,0,True,1788871046,18.600.5
2026-09-20T11:07:43.140313+00:00,Strategy,com.supercell.clashroyale,Clash Royale,4.4360466,41737421,971498,"500,000,000+",633121204,500000000,0,True,1789044207,160402002
2026-09-20T11:07:43.140313+00:00,Strategy,com.igg.android.lordsmobile,Lords Mobile x Transformers,4.48246,9172563,181435,"500,000,000+",628650033,500000000,0,True,1788233284,2.201
2026-09-20T11:07:43.140313+00:00,Strategy,com.supercell.boombeach,Boom Beach: War Strategy Game,4.444317,6249379,289045,"100,000,000+",107885469,100000000,0,True,1789144684,63.202
2026-09-20T11:07:43.140313+00:00,Card,com.mobilityware.solitaire,Solitaire - Classic Card Games,4.5573063,1798440,203964,"100,000,000+",151878568,100000000,0,True,1787674641,9.7.0.6614
2026-09-20T11:07:43.140313+00:00,Casino,com.doubledown.casino,2 Down Casino,,,,500+,514,500,0,True,1782301205,1.0
2026-09-20T11:07:43.140313+00:00,Role Playing,com.garena.game.codm,Call of Duty®: Mobile - Garena,4.084112,3931981,878,"50,000,000+",97805115,50000000,0,True,1788177120,1.6.57
2026-09-20T11:07:43.140313+00:00,Simulation,com.ea.games.simsfreeplay_row,The Sims™ FreePlay,4.6134453,5769610,65105,"100,000,000+",239326778,100000000,0,True,1787841647,117.1.280231
2026-09-20T11:07:43.140313+00:00,Simulation,com.outfit7.mytalkingtom2,My Talking Tom 2: Pet Game,4.291978,6748862,51011,"1,000,000,000+",1125666913,1000000000,0,True,1788778304,Varies with device
2026-09-20T11:07:43.140313+00:00,Sports,com.ea.gp.fifamobile,EA SPORTS FC Soccer Mobile 26,4.611844,22943300,242832,"500,000,000+",797603947,500000000,0,True,1784864666,27.0.04
2026-09-20T11:07:43.140313+00:00,Board,com.king.farmheroessaga,Farm Heroes Saga,4.638995,9818896,431290,"100,000,000+",433236264,100000000,0,True,1789413305,6.98.14
2026-09-20T11:07:43.140313+00:00,Trivia,com.scopely.wheeloffortune,Wheel of Fortune Official Game,4.6026,425749,120327,"10,000,000+",29049377,10000000,0,True,1789495500,4.12
2026-09-20T11:07:43.140313+00:00,Trivia,com.etermax.preguntados.lite,Trivia Crack: Brain Quiz Games,4.462774,7859413,524326,"100,000,000+",267999304,100000000,0,True,1789583429,3.387.0
2026-09-20T11:07:43.140313+00:00,Word,com.zynga.words,Classic Words With Friends,4.277195,1679407,554664,"50,000,000+",55543479,50000000,0,True,1787600915,59.01.01
2026-09-21T12:36:16.983870+00:00,Action,com.pubg.imobile,BGMI: FPS Battle Royale,4.3672924,7609252,951,"100,000,000+",271457195,100000000,0,True,1788932413,4.6.0
2026-09-21T12:36:16.983870+00:00,Action,com.miHoYo.GenshinImpact,Genshin Impact,3.2763984,5230189,133473,"100,000,000+",144418793,100000000,0,True,,Varies with device
2026-09-21T12:36:16.983870+00:00,Action,com.dts.freefireth,Free Fire x NARUTO SHIPPUDEN,4.346688,129911693,655928,"1,000,000,000+",2153153556,1000000000,0,True,1789011431,1.132.1
2026-09-21T12:36:16.983870+00:00,Action,com.activision.callofduty.shooter,Call of Duty®: Mobile,4.2588205,16561688,810710,"100,000,000+",425361966,100000000,0,True,1788210620,1.0.57
2026-09-21T12:36:16.983870+00:00,Action,com.epicgames.fortnite,Fortnite,4.6257653,505309,34958,"10,000,000+",36344133,10000000,0,True,1789163315,42.20.0-57985559-Android
2026-09-21T12:36:16.983870+00:00,Action,com.tencent.ig,PUBG MOBILE,4.319455,48659171,860244,"1,000,000,000+",1113197512,1000000000,0,True,1789729461,4.6.0
2026-09-21T12:36:16.983870+00:00,Action,com.supercell.brawlstars,Brawl Stars,4.200046,26121498,327358,"500,000,000+",552081322,500000000,0,True,1788519695,69.252
2026-09-21T12:36:16.983870+00:00,Action,com.dts.freefiremax,Free Fire MAX x NARUTO,4.4649005,32004639,70188,"500,000,000+",952541775,500000000,0,True,1789012257,2.132.1
2026-09-21T12:36:16.983870+00:00,Arcade,com.king.candycrushsaga,Candy Crush Saga,4.6289434,38930475,2089053,"1,000,000,000+",2331401934,1000000000,0,True,1788871614,1.336.2.1
2026-09-21T12:36:16.983870+00:00,Arcade,air.com.hypah.io.slither,slither.io,3.9044168,6548470,302422,"500,000,000+",603441460,500000000,0,True,1762688138,Varies with device
2026-09-21T12:36:16.983870+00:00,Arcade,com.halfbrick.fruitninjafree,Fruit Ninja®,4.396274,5330913,212856,"500,000,000+",641430721,500000000,0,True,1789014295,3.97.8
2026-09-21T12:36:16.983870+00:00,Arcade,com.ketchapp.stack,Stack,4.126478,445963,20916,"50,000,000+",70263172,50000000,0,True,1789658547,4.0.8
2026-09-21T12:36:16.983870+00:00,Arcade,com.halfbrick.jetpackjoyride,Jetpack Joyride,4.4444447,4754052,193189,"100,000,000+",292431333,100000000,0,True,1772404237,1.104.1
2026-09-21T12:36:16.983870+00:00,Arcade,com.imangi.templerun2,Temple Run 2,4.0743003,9834520,371123,"1,000,000,000+",1236474437,1000000000,0,True,1788897727,1.135.1
2026-09-21T12:36:16.983870+00:00,Arcade,com.kiloo.subwaysurf,Subway Surfers,4.5496674,41548879,1752970,"1,000,000,000+",2935406796,1000000000,0,True,1789652925,3.69.0
2026-09-21T12:36:16.983870+00:00,Racing,com.gameloft.android.ANMP.GloftA9HM,Asphalt Legends - Racing Game,4.3484745,2861577,71911,"100,000,000+",166113622,100000000,0,True,1784894759,52.1.2a
2026-09-21T12:36:16.983870+00:00,Racing,com.miniclip.eightballpool,8 Ball Pool,4.792573,31770991,984221,"1,000,000,000+",1335648187,1000000000,0,True,1789734705,56.30.1
2026-09-21T12:36:16.983870+00:00,Racing,com.hutchgames.hillclimb,MMX Hill Dash,4.360247,291148,17371,"10,000,000+",17489723,10000000,0,True,1759432506,2.01.14226
2026-09-21T12:36:16.983870+00:00,Racing,com.gameloft.android.ANMP.GloftA8HM,Asphalt 8 - Car Racing Game,4.583443,11994681,285642,"500,000,000+",575145144,500000000,0,True,1785930343,9.1.0i
2026-09-21T12:36:16.983870+00:00,Adventure,com.mojang.minecraftpe,"Minecraft: Dream it, Build it!",4.3082175,5838273,634924,"50,000,000+",97438900,50000000,6.99,False,1789496018,1.26.51.1
2026-09-21T12:36:16.983870+00:00,Adventure,com.roblox.client,Roblox,4.2131777,52392101,3667558,"1,000,000,000+",1696639213,1000000000,0,True,1789579727,Varies with device
2026-09-21T12:36:16.983870+00:00,Adventure,com.innersloth.spacemafia,Among Us,3.9236383,13659844,529577,"500,000,000+",795684182,500000000,0,True,1786398116,2026.8.18
2026-09-21T12:36:16.983870+00:00,Puzzle,com.king.candycrushsodasaga,Candy Crush Soda Saga,4.575733,8851922,390337,"500,000,000+",624991116,500000000,0,True,1789376998,1.327.2
2026-09-21T12:36:16.983870+00:00,Puzzle,com.easybrain.sudoku.android,Sudoku.com - Sudoku Puzzle,4.734175,2493675,86476,"100,000,000+",107844038,100000000,0,True,1788549464,7.8.0
2026-09-21T12:36:16.983870+00:00,Puzzle,com.gramgames.mergedragons,Merge Dragons!,4.4563074,1414287,146254,"50,000,000+",63818016,50000000,0,True,1789981015,13.15.0
2026-09-21T12:36:16.983870+00:00,Puzzle,com.easybrain.block.puzzle.games,Blockudoku®: Block Puzzle Game,4.6262183,1294524,32950,"100,000,000+",123092635,100000000,0,True,1789479902,3.30.0
2026-09-21T12:36:16.983870+00:00,Casual,com.supercell.hayday,Hay Day,4.379705,13102761,415088,"100,000,000+",371711549,100000000,0,True,1786968591,1.72.86
2026-09-21T12:36:16.983870+00:00,Casual,com.playrix.homescapes,Homescapes,4.728296,13371934,370839,"500,000,000+",521493061,500000000,0,True,1789640169,9.1.601
2026-09-21T12:36:16.983870+00:00,Casual,com.playrix.township,Township,4.687996,12891973,374143,"500,000,000+",520862415,500000000,0,True,1789580204,39.0.3
2026-09-21T12:36:16.983870+00:00,Strategy,com.supercell.clashofclans,Clash of Clans,4.524273,61351037,1969174,"500,000,000+",881566680,500000000,0,True,1788871046,18.600.5
2026-09-21T12:36:16.983870+00:00,Strategy,com.supercell.clashroyale,Clash Royale,4.435161,41740388,971511,"500,000,000+",633121204,500000000,0,True,1789044207,160402012
2026-09-21T12:36:16.983870+00:00,Strategy,com.igg.android.lordsmobile,Lords Mobile x Transformers,4.4823995,9172762,181443,"500,000,000+",628650033,500000000,0,True,1788233284,2.201
2026-09-21T12:36:16.983870+00:00,Strategy,com.supercell.boombeach,Boom Beach: War Strategy Game,4.443586,6249411,289046,"100,000,000+",107885469,100000000,0,True,1789144684,63.202
2026-09-21T12:36:16.983870+00:00,Card,com.mobilityware.solitaire,Solitaire - Classic Card Games,4.556829,1798486,203967,"100,000,000+",151878568,100000000,0,True,1787674641,9.7.0.6614
2026-09-21T12:36:16.983870+00:00,Casino,com.doubledown.casino,2 Down Casino,,,,500+,514,500,0,True,1782301205,1.0
2026-09-21T12:36:16.983870+00:00,Role Playing,com.garena.game.codm,Call of Duty®: Mobile - Garena,4.084112,3932139,878,"50,000,000+",97805115,50000000,0,True,1788177120,1.6.57
2026-09-21T12:36:16.983870+00:00,Simulation,com.ea.games.simsfreeplay_row,The Sims™ FreePlay,4.6134453,5769636,65105,"100,000,000+",239326778,100000000,0,True,1787841647,117.1.280231
2026-09-21T12:36:16.983870+00:00,Simulation,com.outfit7.mytalkingtom2,My Talking Tom 2: Pet Game,4.291556,6749104,51015,"1,000,000,000+",1125666913,1000000000,0,True,1788778304,Varies with device
2026-09-21T12:36:16.983870+00:00,Sports,com.ea.gp.fifamobile,EA SPORTS FC Soccer Mobile 26,4.6113663,22949218,242869,"500,000,000+",797603947,500000000,0,True,1784864666,27.0.04
2026-09-21T12:36:16.983870+00:00,Board,com.king.farmheroessaga,Farm Heroes Saga,4.6391,9819004,431299,"100,000,000+",433236264,100000000,0,True,1789413305,6.98.14
2026-09-21T12:36:16.983870+00:00,Trivia,com.scopely.wheeloffortune,Wheel of Fortune Official Game,4.6023865,425747,120328,"10,000,000+",29049377,10000000,0,True,1789495500,4.12
2026-09-21T12:36:16.983870+00:00,Trivia,com.etermax.preguntados.lite,Trivia Crack: Brain Quiz Games,4.4625974,7859464,524325,"100,000,000+",267999304,100000000,0,True,1789583429,3.387.0
2026-09-21T12:36:16.983870+00:00,Word,com.zynga.words,Classic Words With Friends,4.278578,1679582,554683,"50,000,000+",55543479,50000000,0,True,1787600915,59.01.01
2026-09-22T11:23:16.636336+00:00,Action,com.pubg.imobile,BGMI: FPS Battle Royale,4.3672924,7610986,951,"100,000,000+",271457195,100000000,0,True,1788932413,4.6.0
2026-09-22T11:23:16.636336+00:00,Action,com.miHoYo.GenshinImpact,Genshin Impact,3.2769191,5230502,133476,"100,000,000+",144418793,100000000,0,True,,Varies with device
2026-09-22T11:23:16.636336+00:00,Action,com.dts.freefireth,Free Fire x NARUTO SHIPPUDEN,4.346999,129926582,655965,"1,000,000,000+",2153153556,1000000000,0,True,1789011431,1.132.1
2026-09-22T11:23:16.636336+00:00,Action,com.activision.callofduty.shooter,Call of Duty®: Mobile,4.2588964,16562217,810719,"100,000,000+",425361966,100000000,0,True,1788210620,1.0.57
2026-09-22T11:23:16.636336+00:00,Action,com.epicgames.fortnite,Fortnite,4.626684,506049,34976,"10,000,000+",36344133,10000000,0,True,1789163315,42.20.0-57985559-Android
2026-09-22T11:23:16.636336+00:00,Action,com.tencent.ig,PUBG MOBILE,4.319549,48660365,860244,"1,000,000,000+",1113197512,1000000000,0,True,1789729461,4.6.0
2026-09-22T11:23:16.636336+00:00,Action,com.supercell.brawlstars,Brawl Stars,4.1998954,26123198,327390,"500,000,000+",552081322,500000000,0,True,1788519695,69.252
2026-09-22T11:23:16.636336+00:00,Action,com.dts.freefiremax,Free Fire MAX x NARUTO,4.4645753,32014322,70202,"500,000,000+",952541775,500000000,0,True,1789012257,2.132.1
2026-09-22T11:23:16.636336+00:00,Arcade,com.king.candycrushsaga,Candy Crush Saga,4.6289716,38931679,2089076,"1,000,000,000+",2331401934,1000000000,0,True,1789643702,1.336.2.1
2026-09-22T11:23:16.636336+00:00,Arcade,air.com.hypah.io.slither,slither.io,3.9044225,6548513,302423,"500,000,000+",603441460,500000000,0,True,1762688138,Varies with device
2026-09-22T11:23:16.636336+00:00,Arcade,com.halfbrick.fruitninjafree,Fruit Ninja®,4.3946548,5330969,212855,"500,000,000+",641430721,500000000,0,True,1789702644,3.97.9
2026-09-22T11:23:16.636336+00:00,Arcade,com.ketchapp.stack,Stack,4.127957,445985,20916,"50,000,000+",70263172,50000000,0,True,1789658547,4.0.8
2026-09-22T11:23:16.636336+00:00,Arcade,com.halfbrick.jetpackjoyride,Jetpack Joyride,4.4444447,4754063,193190,"100,000,000+",292431333,100000000,0,True,1772404237,1.104.1
2026-09-22T11:23:16.636336+00:00,Arcade,com.imangi.templerun2,Temple Run 2,4.07422,9834688,371123,"1,000,000,000+",1236474437,1000000000,0,True,1788897727,1.135.1
2026-09-22T11:23:16.636336+00:00,Arcade,com.kiloo.subwaysurf,Subway Surfers,4.5496902,41550229,1752998,"1,000,000,000+",2935406796,1000000000,0,True,1789652925,3.69.0
2026-09-22T11:23:16.636336+00:00,Racing,com.gameloft.android.ANMP.GloftA9HM,Asphalt Legends - Racing Game,4.3484693,2861654,71913,"100,000,000+",166113622,100000000,0,True,1784894759,52.1.2a
2026-09-22T11:23:16.636336+00:00,Racing,com.miniclip.eightballpool,8 Ball Pool,4.7926893,31775795,984400,"1,000,000,000+",1335648187,1000000000,0,True,1789734705,56.30.1
2026-09-22T11:23:16.636336+00:00,Racing,com.hutchgames.hillclimb,MMX Hill Dash,4.361166,291148,17371,"10,000,000+",17489723,10000000,0,True,1759432506,2.01.14226
2026-09-22T11:23:16.636336+00:00,Racing,com.gameloft.android.ANMP.GloftA8HM,Asphalt 8 - Car Racing Game,4.5828557,11995578,285648,"500,000,000+",575145144,500000000,0,True,1785930343,9.1.0i
2026-09-22T11:23:16.636336+00:00,Adventure,com.mojang.minecraftpe,"Minecraft: Dream it, Build it!",4.3080378,5839644,634944,"50,000,000+",97438900,50000000,6.99,False,1789496018,1.26.51.1
2026-09-22T11:23:16.636336+00:00,Adventure,com.roblox.client,Roblox,4.21383,52408780,3667739,"1,000,000,000+",1696639213,1000000000,0,True,1789579727,Varies with device
2026-09-22T11:23:16.636336+00:00,Adventure,com.innersloth.spacemafia,Among Us,3.923787,13660364,529585,"500,000,000+",795684182,500000000,0,True,1786398116,2026.8.18
2026-09-22T11:23:16.636336+00:00,Puzzle,com.king.candycrushsodasaga,Candy Crush Soda Saga,4.5760245,8852065,390344,"500,000,000+",624991116,500000000,0,True,1789376998,1.327.2
2026-09-22T11:23:16.636336+00:00,Puzzle,com.easybrain.sudoku.android,Sudoku.com - Classic Sudoku,4.7335215,2494567,86483,"100,000,000+",107844038,100000000,0,True,1788549464,7.8.0
2026-09-22T11:23:16.636336+00:00,Puzzle,com.gramgames.mergedragons,Merge Dragons!,4.4561825,1414322,146263,"50,000,000+",63818016,50000000,0,True,1789981015,13.15.0
2026-09-22T11:23:16.636336+00:00,Puzzle,com.easybrain.block.puzzle.games,Blockudoku®: Block Puzzle Game,4.6264253,1294681,32950,"100,000,000+",123092635,100000000,0,True,1789479902,3.31.0
2026-09-22T11:23:16.636336+00:00,Casual,com.supercell.hayday,Hay Day,4.380078,13103185,415097,"100,000,000+",371711549,100000000,0,True,1786968591,1.72.86
2026-09-22T11:23:16.636336+00:00,Casual,com.playrix.homescapes,Homescapes,4.7283416,13372430,370845,"500,000,000+",521493061,500000000,0,True,1789640169,9.1.601
2026-09-22T11:23:16.636336+00:00,Casual,com.playrix.township,Township,4.6879773,12893599,374172,"500,000,000+",520862415,500000000,0,True,1789580204,39.0.3
2026-09-22T11:23:16.636336+00:00,Strategy,com.supercell.clashofclans,Clash of Clans,4.5244446,61352449,1969183,"500,000,000+",881566680,500000000,0,True,1788871046,18.600.5
2026-09-22T11:23:16.636336+00:00,Strategy,com.supercell.clashroyale,Clash Royale,4.4351034,41744078,971542,"500,000,000+",633121204,500000000,0,True,1789044207,160402012
2026-09-22T11:23:16.636336+00:00,Strategy,com.igg.android.lordsmobile,Lords Mobile x Transformers,4.4824843,9173061,181449,"500,000,000+",628650033,500000000,0,True,1788233284,2.201
2026-09-22T11:23:16.636336+00:00,Strategy,com.supercell.boombeach,Boom Beach: War Strategy Game,4.442938,6249517,289046,"100,000,000+",107885469,100000000,0,True,1789144684,63.202
2026-09-22T11:23:16.636336+00:00,Card,com.mobilityware.solitaire,Solitaire - Classic Card Games,4.5574875,1798542,203967,"100,000,000+",151878568,100000000,0,True,1787674641,9.7.0.6614
2026-09-22T11:23:16.636336+00:00,Casino,com.doubledown.casino,2 Down Casino,,,,500+,514,500,0,True,1782301205,1.0
2026-09-22T11:23:16.636336+00:00,Role Playing,com.garena.game.codm,Call of Duty®: Mobile - Garena,4.084112,3932245,878,"50,000,000+",97805115,50000000,0,True,1788177120,1.6.57
2026-09-22T11:23:16.636336+00:00,Simulation,com.ea.games.simsfreeplay_row,The Sims™ FreePlay,4.618644,5769703,65105,"100,000,000+",239326778,100000000,0,True,1787841647,117.1.280231
2026-09-22T11:23:16.636336+00:00,Simulation,com.outfit7.mytalkingtom2,My Talking Tom 2: Pet Game,4.291228,6749428,51015,"1,000,000,000+",1125666913,1000000000,0,True,1788778304,Varies with device
2026-09-22T11:23:16.636336+00:00,Sports,com.ea.gp.fifamobile,EA SPORTS FC Soccer Mobile 26,4.6123524,22956418,242900,"500,000,000+",797603947,500000000,0,True,1784864666,27.0.04
2026-09-22T11:23:16.636336+00:00,Board,com.king.farmheroessaga,Farm Heroes Saga,4.639182,9819137,431303,"100,000,000+",433236264,100000000,0,True,1789413305,6.98.14
2026-09-22T11:23:16.636336+00:00,Trivia,com.scopely.wheeloffortune,Wheel of Fortune Official Game,4.602216,425751,120330,"10,000,000+",29049377,10000000,0,True,1789495500,4.12
2026-09-22T11:23:16.636336+00:00,Trivia,com.etermax.preguntados.lite,Trivia Crack: Brain Quiz Games,4.462698,7859581,524327,"100,000,000+",267999304,100000000,0,True,1789583429,3.387.0
2026-09-22T11:23:16.636336+00:00,Word,com.zynga.words,Classic Words With Friends,4.26058,1679709,554697,"50,000,000+",55543479,50000000,0,True,1787600915,59.01.01
2026-09-23T11:19:43.470486+00:00,Action,com.pubg.imobile,BGMI: FPS Battle Royale,4.3655915,7609390,949,"100,000,000+",271457195,100000000,0,True,1788932413,4.6.0
2026-09-23T11:19:43.470486+00:00,Action,com.miHoYo.GenshinImpact,Genshin Impact 6th Anniversary,3.2780485,5229043,133490,"100,000,000+",144418793,100000000,0,True,,Varies with device
2026-09-23T11:19:43.470486+00:00,Action,com.dts.freefireth,Free Fire x NARUTO SHIPPUDEN,4.3470106,129931607,655965,"1,000,000,000+",2153153556,1000000000,0,True,1789011431,1.132.1
2026-09-23T11:19:43.470486+00:00,Action,com.activision.callofduty.shooter,Call of Duty®: Mobile,4.2589474,16562198,810705,"100,000,000+",425361966,100000000,0,True,1788210620,1.0.57
2026-09-23T11:19:43.470486+00:00,Action,com.epicgames.fortnite,Fortnite,4.625416,506501,34983,"10,000,000+",36344133,10000000,0,True,1789766806,42.20.0-58234214-Android
2026-09-23T11:19:43.470486+00:00,Action,com.tencent.ig,PUBG MOBILE,4.319447,48659795,860221,"1,000,000,000+",1113197512,1000000000,0,True,1789729461,4.6.0
2026-09-23T11:19:43.470486+00:00,Action,com.supercell.brawlstars,Brawl Stars,4.1999817,26123160,327389,"500,000,000+",552081322,500000000,0,True,1788519695,69.252
2026-09-23T11:19:43.470486+00:00,Action,com.dts.freefiremax,Free Fire MAX x NARUTO,4.4638352,32018707,70206,"500,000,000+",952541775,500000000,0,True,1789012257,2.132.1
2026-09-23T11:19:43.470486+00:00,Arcade,com.king.candycrushsaga,Candy Crush Saga,4.6291966,38931903,2089062,"1,000,000,000+",2331401934,1000000000,0,True,1789643702,1.337.0.2
2026-09-23T11:19:43.470486+00:00,Arcade,air.com.hypah.io.slither,slither.io,3.9052413,6548439,302418,"500,000,000+",603441460,500000000,0,True,1762688138,Varies with device
2026-09-23T11:19:43.470486+00:00,Arcade,com.halfbrick.fruitninjafree,Fruit Ninja®,4.3923926,5330949,212854,"500,000,000+",641430721,500000000,0,True,1789702644,3.97.9
2026-09-23T11:19:43.470486+00:00,Arcade,com.ketchapp.stack,Stack,4.130794,445995,20916,"50,000,000+",70263172,50000000,0,True,1789658547,4.0.8
2026-09-23T11:19:43.470486+00:00,Arcade,com.halfbrick.jetpackjoyride,Jetpack Joyride,4.4440556,4754019,193192,"100,000,000+",292431333,100000000,0,True,1772404237,1.104.1
2026-09-23T11:19:43.470486+00:00,Arcade,com.imangi.templerun2,Temple Run 2,4.0736856,9834670,371119,"1,000,000,000+",1236474437,1000000000,0,True,1788897727,1.135.1
2026-09-23T11:19:43.470486+00:00,Arcade,com.kiloo.subwaysurf,Subway Surfers,4.5494485,41550178,1752979,"1,000,000,000+",2935406796,1000000000,0,True,1789652925,3.69.1
2026-09-23T11:19:43.470486+00:00,Racing,com.gameloft.android.ANMP.GloftA9HM,Asphalt Legends - Racing Game,4.3484893,2861626,71908,"100,000,000+",166113622,100000000,0,True,1784894759,52.1.2a
2026-09-23T11:19:43.470486+00:00,Racing,com.miniclip.eightballpool,8 Ball Pool,4.7926483,31780479,984846,"1,000,000,000+",1335648187,1000000000,0,True,1789734705,56.30.1
2026-09-23T11:19:43.470486+00:00,Racing,com.hutchgames.hillclimb,MMX Hill Dash,4.35997,291143,17370,"10,000,000+",17489723,10000000,0,True,1759432506,2.01.14226
2026-09-23T11:19:43.470486+00:00,Racing,com.gameloft.android.ANMP.GloftA8HM,Asphalt 8 - Car Racing Game,4.582563,11996004,285651,"500,000,000+",575145144,500000000,0,True,1785930343,9.1.0i
2026-09-23T11:19:43.470486+00:00,Adventure,com.mojang.minecraftpe,"Minecraft: Dream it, Build it!",4.307623,5840295,634926,"50,000,000+",97438900,50000000,6.99,False,1789496018,1.26.51.1
2026-09-23T11:19:43.470486+00:00,Adventure,com.roblox.client,Roblox,4.2134542,52415560,3667590,"1,000,000,000+",1696639213,1000000000,0,True,1789579727,Varies with device
2026-09-23T11:19:43.470486+00:00,Adventure,com.innersloth.spacemafia,Among Us,3.9240105,13660191,529566,"500,000,000+",795684182,500000000,0,True,1786398116,2026.8.18
2026-09-23T11:19:43.470486+00:00,Puzzle,com.king.candycrushsodasaga,Candy Crush Soda Saga,4.5758843,8852024,390348,"500,000,000+",624991116,500000000,0,True,1789376998,1.327.2
2026-09-23T11:19:43.470486+00:00,Puzzle,com.easybrain.sudoku.android,Sudoku.com - Sudoku Puzzle,4.7343745,2495416,86492,"100,000,000+",107844038,100000000,0,True,1788549464,7.8.0
2026-09-23T11:19:43.470486+00:00,Puzzle,com.gramgames.mergedragons,Merge Dragons!,4.4558325,1414331,146265,"50,000,000+",63818016,50000000,0,True,1789981015,13.15.1
2026-09-23T11:19:43.470486+00:00,Puzzle,com.easybrain.block.puzzle.games,Blockudoku®: Block Puzzle Game,4.6270185,1294817,32952,"100,000,000+",123092635,100000000,0,True,1789479902,3.31.0
2026-09-23T11:19:43.470486+00:00,Casual,com.supercell.hayday,Hay Day,4.3818297,13103251,415094,"100,000,000+",371711549,100000000,0,True,1786968591,1.72.86
2026-09-23T11:19:43.470486+00:00,Casual,com.playrix.homescapes,Homescapes,4.728299,13372631,370838,"500,000,000+",521493061,500000000,0,True,1790104580,9.1.601
2026-09-23T11:19:43.470486+00:00,Casual,com.playrix.township,Township,4.687976,12895193,374216,"500,000,000+",520862415,500000000,0,True,1789580204,39.0.3
2026-09-23T11:19:43.470486+00:00,Strategy,com.supercell.clashofclans,Clash of Clans,4.524542,61352614,1969174,"500,000,000+",881566680,500000000,0,True,1788871046,18.600.5
2026-09-23T11:19:43.470486+00:00,Strategy,com.supercell.clashroyale,Clash Royale,4.434934,41746048,971540,"500,000,000+",633121204,500000000,0,True,1790086098,160402012
2026-09-23T11:19:43.470486+00:00,Strategy,com.igg.android.lordsmobile,Lords Mobile x Transformers,4.4825716,9173006,181453,"500,000,000+",628650033,500000000,0,True,1788233284,2.201
2026-09-23T11:19:43.470486+00:00,Strategy,com.supercell.boombeach,Boom Beach: War Strategy Game,4.4426575,6249511,289047,"100,000,000+",107885469,100000000,0,True,1789144684,63.202
2026-09-23T11:19:43.470486+00:00,Card,com.mobilityware.solitaire,Solitaire - Classic Card Games,4.5577755,1798565,203966,"100,000,000+",151878568,100000000,0,True,1787674641,9.7.0.6614
2026-09-23T11:19:43.470486+00:00,Casino,com.doubledown.casino,2 Down Casino,,,,500+,514,500,0,True,1782301205,1.0
2026-09-23T11:19:43.470486+00:00,Role Playing,com.garena.game.codm,Call of Duty®: Mobile - Garena,4.084112,3932185,878,"50,000,000+",97805115,50000000,0,True,1788177120,1.6.57
2026-09-23T11:19:43.470486+00:00,Simulation,com.ea.games.simsfreeplay_row,The Sims™ FreePlay,4.618644,5769671,65105,"100,000,000+",239326778,100000000,0,True,1787841647,117.1.280231
2026-09-23T11:19:43.470486+00:00,Simulation,com.outfit7.mytalkingtom2,My Talking Tom 2: Pet Game,4.2911167,6749088,51012,"1,000,000,000+",1125666913,1000000000,0,True,1788778304,Varies with device
2026-09-23T11:19:43.470486+00:00,Sports,com.ea.gp.fifamobile,EA SPORTS FC Soccer Mobile 26,4.612887,22959806,242905,"500,000,000+",797603947,500000000,0,True,1784864666,27.0.04
2026-09-23T11:19:43.470486+00:00,Board,com.king.farmheroessaga,Farm Heroes Saga,4.639418,9819059,431300,"100,000,000+",433236264,100000000,0,True,1789413305,6.98.14
2026-09-23T11:19:43.470486+00:00,Trivia,com.scopely.wheeloffortune,Wheel of Fortune Official Game,4.6032286,425748,120329,"10,000,000+",29049377,10000000,0,True,1789495500,4.12
2026-09-23T11:19:43.470486+00:00,Trivia,com.etermax.preguntados.lite,Trivia Crack: Brain Quiz Games,4.462084,7859552,524325,"100,000,000+",267999304,100000000,0,True,1790111020,3.387.0
2026-09-23T11:19:43.470486+00:00,Word,com.zynga.words,Classic Words With Friends,4.260747,1679778,554694,"50,000,000+",55543479,50000000,0,True,1787600915,59.01.01
2026-09-24T11:32:44.465517+00:00,Action,com.pubg.imobile,BGMI: FPS Battle Royale,4.3655915,7608418,949,"100,000,000+",271457195,100000000,0,True,1788932413,4.6.0
2026-09-24T11:32:44.465517+00:00,Action,com.miHoYo.GenshinImpact,Genshin Impact 6th Anniversary,3.2910964,5232495,133518,"100,000,000+",144418793,100000000,0,True,,Varies with device
2026-09-24T11:32:44.465517+00:00,Action,com.dts.freefireth,Free Fire x NARUTO SHIPPUDEN,4.3470693,129943945,655998,"1,000,000,000+",2153153556,1000000000,0,True,1789011431,1.132.1
2026-09-24T11:32:44.465517+00:00,Action,com.activision.callofduty.shooter,Call of Duty®: Mobile,4.258943,16562680,810714,"100,000,000+",425361966,100000000,0,True,1788210620,1.0.57
2026-09-24T11:32:44.465517+00:00,Action,com.epicgames.fortnite,Fortnite,4.6255355,507071,35002,"10,000,000+",36344133,10000000,0,True,1789766806,42.20.0-58234214-Android
2026-09-24T11:32:44.465517+00:00,Action,com.tencent.ig,PUBG MOBILE,4.3191876,48661149,860235,"1,000,000,000+",1113197512,1000000000,0,True,1789729461,4.6.0
2026-09-24T11:32:44.465517+00:00,Action,com.supercell.brawlstars,Brawl Stars,4.200185,26124693,327419,"500,000,000+",552081322,500000000,0,True,1788519695,69.252
2026-09-24T11:32:44.465517+00:00,Action,com.dts.freefiremax,Free Fire MAX x NARUTO,4.4639945,32029507,70219,"500,000,000+",952541775,500000000,0,True,1789012257,2.132.1
2026-09-24T11:32:44.465517+00:00,Arcade,com.king.candycrushsaga,Candy Crush Saga,4.629218,38933030,2089092,"1,000,000,000+",2331401934,1000000000,0,True,1789643702,1.337.0.2
2026-09-24T11:32:44.465517+00:00,Arcade,air.com.hypah.io.slither,slither.io,3.9052413,6548456,302420,"500,000,000+",603441460,500000000,0,True,1762688138,Varies with device
2026-09-24T11:32:44.465517+00:00,Arcade,com.halfbrick.fruitninjafree,Fruit Ninja®,4.392473,5331000,212856,"500,000,000+",641430721,500000000,0,True,1789702644,3.97.9
2026-09-24T11:32:44.465517+00:00,Arcade,com.ketchapp.stack,Stack,4.1307,446013,20916,"50,000,000+",70263172,50000000,0,True,1789658547,4.0.8
2026-09-24T11:32:44.465517+00:00,Arcade,com.halfbrick.jetpackjoyride,Jetpack Joyride,4.443638,4754029,193193,"100,000,000+",292431333,100000000,0,True,1772404237,1.104.1
2026-09-24T11:32:44.465517+00:00,Arcade,com.imangi.templerun2,Temple Run 2,4.073752,9834868,371118,"1,000,000,000+",1236474437,1000000000,0,True,1788897727,1.135.1
2026-09-24T11:32:44.465517+00:00,Arcade,com.kiloo.subwaysurf,Subway Surfers,4.5495815,41551157,1752993,"1,000,000,000+",2935406796,1000000000,0,True,1789652925,3.69.1
2026-09-24T11:32:44.465517+00:00,Racing,com.gameloft.android.ANMP.GloftA9HM,Asphalt Legends - Racing Game,4.348734,2861706,71909,"100,000,000+",166113622,100000000,0,True,1784894759,52.1.2a
2026-09-24T11:32:44.465517+00:00,Racing,com.miniclip.eightballpool,8 Ball Pool,4.792075,31787302,985012,"1,000,000,000+",1335648187,1000000000,0,True,1789734705,56.30.1
2026-09-24T11:32:44.465517+00:00,Racing,com.hutchgames.hillclimb,MMX Hill Dash,4.35997,291142,17370,"10,000,000+",17489723,10000000,0,True,1759432506,2.01.14226
2026-09-24T11:32:44.465517+00:00,Racing,com.gameloft.android.ANMP.GloftA8HM,Asphalt 8 - Car Racing Game,4.581995,11996881,285656,"500,000,000+",575145144,500000000,0,True,1785930343,9.1.0i
2026-09-24T11:32:44.465517+00:00,Adventure,com.mojang.minecraftpe,"Minecraft: Dream it, Build it!",4.307498,5841167,634936,"50,000,000+",97438900,50000000,6.99,False,1789496018,1.26.51.1
2026-09-24T11:32:44.465517+00:00,Adventure,com.roblox.client,Roblox,4.213502,52439807,3667902,"1,000,000,000+",1696639213,1000000000,0,True,1790185578,Varies with device
2026-09-24T11:32:44.465517+00:00,Adventure,com.innersloth.spacemafia,Among Us,3.924031,13660566,529571,"500,000,000+",795684182,500000000,0,True,1786398116,2026.8.18
2026-09-24T11:32:44.465517+00:00,Puzzle,com.king.candycrushsodasaga,Candy Crush Soda Saga,4.5758734,8852178,390356,"500,000,000+",624991116,500000000,0,True,1789376998,1.327.2
2026-09-24T11:32:44.465517+00:00,Puzzle,com.easybrain.sudoku.android,Sudoku.com - Sudoku Puzzle,4.734385,2496336,86498,"100,000,000+",107844038,100000000,0,True,1788549464,7.8.0
2026-09-24T11:32:44.465517+00:00,Puzzle,com.gramgames.mergedragons,Merge Dragons!,4.455776,1414365,146266,"50,000,000+",63818016,50000000,0,True,1789981015,13.15.1
2026-09-24T11:32:44.465517+00:00,Puzzle,com.easybrain.block.puzzle.games,Blockudoku®: Block Puzzle Game,4.627157,1294985,32952,"100,000,000+",123092635,100000000,0,True,1789479902,3.31.0
2026-09-24T11:32:44.465517+00:00,Casual,com.supercell.hayday,Hay Day,4.3819876,13103637,415107,"100,000,000+",371711549,100000000,0,True,1786968591,1.72.86
2026-09-24T11:32:44.465517+00:00,Casual,com.playrix.homescapes,Homescapes,4.728467,13373304,370848,"500,000,000+",521493061,500000000,0,True,1790104580,9.1.601
2026-09-24T11:32:44.465517+00:00,Casual,com.playrix.township,Township,4.6889753,12898018,374258,"500,000,000+",520862415,500000000,0,True,1790189482,39.0.3
2026-09-24T11:32:44.465517+00:00,Strategy,com.supercell.clashofclans,Clash of Clans,4.5245514,61354159,1969186,"500,000,000+",881566680,500000000,0,True,1790085742,18.600.7
2026-09-24T11:32:44.465517+00:00,Strategy,com.supercell.clashroyale,Clash Royale,4.4348345,41749091,971563,"500,000,000+",633121204,500000000,0,True,1790086098,160402012
2026-09-24T11:32:44.465517+00:00,Strategy,com.igg.android.lordsmobile,Lords Mobile x Transformers,4.4827943,9173310,181468,"500,000,000+",628650033,500000000,0,True,1788233284,2.201
2026-09-24T11:32:44.465517+00:00,Strategy,com.supercell.boombeach,Boom Beach: War Strategy Game,4.443129,6249602,289046,"100,000,000+",107885469,100000000,0,True,1789144684,63.202
2026-09-24T11:32:44.465517+00:00,Card,com.mobilityware.solitaire,Solitaire - Classic Card Games,4.5578485,1798604,203967,"100,000,000+",151878568,100000000,0,True,1787674641,9.7.0.6614
2026-09-24T11:32:44.465517+00:00,Casino,com.doubledown.casino,2 Down Casino,,,,500+,514,500,0,True,1782301205,1.0
2026-09-24T11:32:44.465517+00:00,Role Playing,com.garena.game.codm,Call of Duty®: Mobile - Garena,4.084112,3932302,878,"50,000,000+",97805115,50000000,0,True,1788177120,1.6.57
2026-09-24T11:32:44.465517+00:00,Simulation,com.ea.games.simsfreeplay_row,The Sims™ FreePlay,4.618644,5769730,65105,"100,000,000+",239326778,100000000,0,True,1787841647,117.1.280231
2026-09-24T11:32:44.465517+00:00,Simulation,com.outfit7.mytalkingtom2,My Talking Tom 2: Pet Game,4.291163,6749386,51013,"1,000,000,000+",1125666913,1000000000,0,True,1788778304,Varies with device
2026-09-24T11:32:44.465517+00:00,Sports,com.ea.gp.fifamobile,EA SPORTS FC Soccer Mobile 27,4.613981,22960436,242819,"500,000,000+",797603947,500000000,0,True,1789723499,28.0.01
2026-09-24T11:32:44.465517+00:00,Board,com.king.farmheroessaga,Farm Heroes Saga,4.639505,9819163,431306,"100,000,000+",433236264,100000000,0,True,1789413305,6.98.14
2026-09-24T11:32:44.465517+00:00,Trivia,com.scopely.wheeloffortune,Wheel of Fortune Official Game,4.603266,425752,120330,"10,000,000+",29049377,10000000,0,True,1789495500,4.12
2026-09-24T11:32:44.465517+00:00,Trivia,com.etermax.preguntados.lite,Trivia Crack: Brain Quiz Games,4.4617147,7859627,524324,"100,000,000+",267999304,100000000,0,True,1790111020,3.387.0
2026-09-24T11:32:44.465517+00:00,Word,com.zynga.words,Classic Words With Friends,4.2561183,1679832,554705,"50,000,000+",55543479,50000000,0,True,1787600915,59.01.01
2026-09-25T11:39:19.166950+00:00,Action,com.pubg.imobile,BGMI: FPS Battle Royale,4.3655915,7615547,949,"100,000,000+",271457195,100000000,0,True,1788932413,4.6.0
2026-09-25T11:39:19.166950+00:00,Action,com.miHoYo.GenshinImpact,Genshin Impact 6th Anniversary,3.291417,5233966,133525,"100,000,000+",144418793,100000000,0,True,,Varies with device
2026-09-25T11:39:19.166950+00:00,Action,com.dts.freefireth,Free Fire x NARUTO SHIPPUDEN,4.3473396,129954688,656045,"1,000,000,000+",2153153556,1000000000,0,True,1789011431,1.132.1
2026-09-25T11:39:19.166950+00:00,Action,com.activision.callofduty.shooter,Call of Duty®: Mobile,4.258966,16563057,810725,"100,000,000+",425361966,100000000,0,True,1788210620,1.0.57
2026-09-25T11:39:19.166950+00:00,Action,com.epicgames.fortnite,Fortnite,4.6235857,507560,35018,"10,000,000+",36344133,10000000,0,True,1789766806,42.20.0-58234214-Android
2026-09-25T11:39:19.166950+00:00,Action,com.tencent.ig,PUBG MOBILE,4.3188305,48662180,860244,"1,000,000,000+",1113197512,1000000000,0,True,1789729461,4.6.0
2026-09-25T11:39:19.166950+00:00,Action,com.supercell.brawlstars,Brawl Stars,4.20032,26125948,327448,"500,000,000+",552081322,500000000,0,True,1788519695,69.252
2026-09-25T11:39:19.166950+00:00,Action,com.dts.freefiremax,Free Fire MAX x NARUTO,4.4627767,32036491,70224,"500,000,000+",952541775,500000000,0,True,1789012257,2.132.1
2026-09-25T11:39:19.166950+00:00,Arcade,com.king.candycrushsaga,Candy Crush Saga,4.6291857,38934302,2089137,"1,000,000,000+",2331401934,1000000000,0,True,1789643702,1.337.0.2
2026-09-25T11:39:19.166950+00:00,Arcade,air.com.hypah.io.slither,slither.io,3.9052742,6548467,302424,"500,000,000+",603441460,500000000,0,True,1762688138,Varies with device
2026-09-25T11:39:19.166950+00:00,Arcade,com.halfbrick.fruitninjafree,Fruit Ninja®,4.392264,5331035,212857,"500,000,000+",641430721,500000000,0,True,1789702644,3.97.9
2026-09-25T11:39:19.166950+00:00,Arcade,com.ketchapp.stack,Stack,4.130606,446030,20916,"50,000,000+",70263172,50000000,0,True,1789658547,4.0.8
2026-09-25T11:39:19.166950+00:00,Arcade,com.halfbrick.jetpackjoyride,Jetpack Joyride,4.4437838,4754050,193193,"100,000,000+",292431333,100000000,0,True,1772404237,1.104.1
2026-09-25T11:39:19.166950+00:00,Arcade,com.imangi.templerun2,Temple Run 2,4.073818,9834996,371119,"1,000,000,000+",1236474437,1000000000,0,True,1788897727,1.135.1
2026-09-25T11:39:19.166950+00:00,Arcade,com.kiloo.subwaysurf,Subway Surfers,4.5496783,41551733,1753010,"1,000,000,000+",2935406796,1000000000,0,True,1790253854,3.69.1
2026-09-25T11:39:19.166950+00:00,Racing,com.gameloft.android.ANMP.GloftA9HM,Asphalt Legends - Racing Game,4.3489423,2861716,71908,"100,000,000+",166113622,100000000,0,True,1784894759,52.1.2a
2026-09-25T11:39:19.166950+00:00,Racing,com.miniclip.eightballpool,8 Ball Pool,4.7913723,31792456,985219,"1,000,000,000+",1335648187,1000000000,0,True,1789734705,56.30.1
2026-09-25T11:39:19.166950+00:00,Racing,com.hutchgames.hillclimb,MMX Hill Dash,4.35997,291143,17370,"10,000,000+",17489723,10000000,0,True,1759432506,2.01.14226
2026-09-25T11:39:19.166950+00:00,Racing,com.gameloft.android.ANMP.GloftA8HM,Asphalt 8 - Car Racing Game,4.58181,11997360,285657,"500,000,000+",575145144,500000000,0,True,1785930343,9.1.0i
2026-09-25T11:39:19.166950+00:00,Adventure,com.mojang.minecraftpe,"Minecraft: Dream it, Build it!",4.3074455,5842005,634957,"50,000,000+",97438900,50000000,6.99,False,1789496018,1.26.51.1
2026-09-25T11:39:19.166950+00:00,Adventure,com.roblox.client,Roblox,4.214469,52496290,3668160,"1,000,000,000+",1696639213,1000000000,0,True,1790185578,Varies with device
2026-09-25T11:39:19.166950+00:00,Adventure,com.innersloth.spacemafia,Among Us,3.923898,13660814,529570,"500,000,000+",795684182,500000000,0,True,1786398116,2026.8.18
2026-09-25T11:39:19.166950+00:00,Puzzle,com.king.candycrushsodasaga,Candy Crush Soda Saga,4.5757356,8852270,390362,"500,000,000+",624991116,500000000,0,True,1789376998,1.327.2
2026-09-25T11:39:19.166950+00:00,Puzzle,com.easybrain.sudoku.android,Sudoku.com - Sudoku Puzzle,4.734073,2496916,86502,"100,000,000+",107844038,100000000,0,True,1788549464,7.8.0
2026-09-25T11:39:19.166950+00:00,Puzzle,com.gramgames.mergedragons,Merge Dragons!,4.455681,1414386,146272,"50,000,000+",63818016,50000000,0,True,1789981015,13.15.1
2026-09-25T11:39:19.166950+00:00,Puzzle,com.easybrain.block.puzzle.games,Blockudoku®: Block Puzzle Game,4.62714,1295090,32956,"100,000,000+",123092635,100000000,0,True,1789479902,3.31.0
2026-09-25T11:39:19.166950+00:00,Casual,com.supercell.hayday,Hay Day,4.3825574,13103923,415111,"100,000,000+",371711549,100000000,0,True,1786968591,1.72.86
2026-09-25T11:39:19.166950+00:00,Casual,com.playrix.homescapes,Homescapes,4.7284355,13373830,370853,"500,000,000+",521493061,500000000,0,True,1790104580,9.1.601
2026-09-25T11:39:19.166950+00:00,Casual,com.playrix.township,Township,4.688916,12900020,374287,"500,000,000+",520862415,500000000,0,True,1790248253,39.0.5
2026-09-25T11:39:19.166950+00:00,Strategy,com.supercell.clashofclans,Clash of Clans,4.5246725,61355592,1969206,"500,000,000+",881566680,500000000,0,True,1790085742,18.600.7
2026-09-25T11:39:19.166950+00:00,Strategy,com.supercell.clashroyale,Clash Royale,4.434497,41751395,971582,"500,000,000+",633121204,500000000,0,True,1790086098,160402012
2026-09-25T11:39:19.166950+00:00,Strategy,com.igg.android.lordsmobile,Lords Mobile x Transformers,4.4825015,9173492,181471,"500,000,000+",628650033,500000000,0,True,1788233284,2.201
2026-09-25T11:39:19.166950+00:00,Strategy,com.supercell.boombeach,Boom Beach: War Strategy Game,4.4430714,6249652,289051,"100,000,000+",107885469,100000000,0,True,1789144684,63.202
2026-09-25T11:39:19.166950+00:00,Card,com.mobilityware.solitaire,Solitaire - Classic Card Games,4.5574837,1798648,203971,"100,000,000+",151878568,100000000,0,True,1787674641,9.7.0.6614
2026-09-25T11:39:19.166950+00:00,Casino,com.doubledown.casino,2 Down Casino,,,,500+,514,500,0,True,1782301205,1.0
2026-09-25T11:39:19.166950+00:00,Role Playing,com.garena.game.codm,Call of Duty®: Mobile - Garena,4.084112,3932384,878,"50,000,000+",97805115,50000000,0,True,1788177120,1.6.57
2026-09-25T11:39:19.166950+00:00,Simulation,com.ea.games.simsfreeplay_row,The Sims™ FreePlay,4.618644,5769768,65105,"100,000,000+",239326778,100000000,0,True,1787841647,117.1.280231
2026-09-25T11:39:19.166950+00:00,Simulation,com.outfit7.mytalkingtom2,My Talking Tom 2: Pet Game,4.291154,6749510,51013,"1,000,000,000+",1125666913,1000000000,0,True,1788778304,Varies with device
2026-09-25T11:39:19.166950+00:00,Sports,com.ea.gp.fifamobile,EA SPORTS FC Soccer Mobile 27,4.6138434,22954974,242786,"500,000,000+",797603947,500000000,0,True,1789723499,28.0.01
2026-09-25T11:39:19.166950+00:00,Board,com.king.farmheroessaga,Farm Heroes Saga,4.6395082,9819265,431309,"100,000,000+",433236264,100000000,0,True,1789413305,6.98.14
2026-09-25T11:39:19.166950+00:00,Trivia,com.scopely.wheeloffortune,Wheel of Fortune Official Game,4.6033716,425753,120329,"10,000,000+",29049377,10000000,0,True,1790103795,4.12.1
2026-09-25T11:39:19.166950+00:00,Trivia,com.etermax.preguntados.lite,Trivia Crack: Brain Quiz Games,4.461891,7859704,524328,"100,000,000+",267999304,100000000,0,True,1790111020,3.387.0
2026-09-25T11:39:19.166950+00:00,Word,com.zynga.words,Classic Words With Friends,4.242977,1679899,554717,"50,000,000+",55543479,50000000,0,True,1787600915,59.01.01
